import time: self [us] | cumulative | imported package
import time:       613 |        613 |   _io
import time:       165 |        165 |   marshal
import time:      1045 |       1045 |   posix
import time:      1899 |       3721 | _frozen_importlib_external
import time:       242 |        242 |   time
import time:       642 |        884 | zipimport
import time:       127 |        127 |     _codecs
import time:      1326 |       1453 |   codecs
import time:       954 |        954 |   encodings.aliases
import time:      1218 |       3624 | encodings
import time:       521 |        521 | encodings.utf_8
import time:       330 |        330 | _signal
import time:       141 |        141 |     _abc
import time:       541 |        681 |   abc
import time:       656 |       1336 | io
import time:       162 |        162 |       _stat
import time:       332 |        494 |     stat
import time:      2164 |       2164 |     _collections_abc
import time:       197 |        197 |       errno
import time:       293 |        293 |       genericpath
import time:       474 |        963 |     posixpath
import time:      1343 |       4963 |   os
import time:       290 |        290 |   _sitebuiltins
import time:      1174 |       1174 |   encodings.utf_8_sig
import time:      1090 |       1090 |   _distutils_hack
import time:       136 |        136 |     apport_python_hook
import time:       332 |        467 |   sitecustomize
import time:      3002 |      10982 | site
import time:       467 |        467 | linecache
import time:       247 |        247 |   timm.version
import time:       330 |        330 |           itertools
import time:       370 |        370 |           keyword
import time:       152 |        152 |             _operator
import time:       658 |        810 |           operator
import time:       497 |        497 |           reprlib
import time:       734 |        734 |           _collections
import time:      1687 |       4425 |         collections
import time:       428 |        428 |         copyreg
import time:       169 |        169 |           _functools
import time:      1090 |       1258 |         functools
import time:       489 |        489 |         types
import time:       141 |        141 |         _typing
import time:      4611 |      11349 |       typing
import time:       570 |        570 |           _ctypes
import time:       138 |        138 |             _struct
import time:       291 |        429 |           struct
import time:       599 |        599 |           ctypes._endian
import time:      1656 |       3253 |         ctypes
import time:      1021 |       1021 |           contextlib
import time:      2068 |       2068 |             enum
import time:       585 |        585 |               _sre
import time:       433 |        433 |                 re._constants
import time:       697 |       1130 |               re._parser
import time:       159 |        159 |               re._casefix
import time:       805 |       2677 |             re._compiler
import time:       914 |       5658 |           re
import time:       268 |        268 |           fnmatch
import time:       938 |       7884 |         glob
import time:       230 |        230 |         importlib
import time:      1554 |       1554 |             _ast
import time:      1748 |       3302 |           ast
import time:        69 |         69 |               _opcode
import time:       299 |        299 |               _opcode_metadata
import time:       456 |        823 |             opcode
import time:      1308 |       2131 |           dis
import time:       121 |        121 |           importlib.machinery
import time:       194 |        194 |             token
import time:        73 |         73 |             _tokenize
import time:      1039 |       1305 |           tokenize
import time:       246 |        246 |             _weakrefset
import time:       579 |        825 |           weakref
import time:      3201 |      10881 |         inspect
import time:       120 |        120 |         math
import time:        90 |         90 |           _wmi
import time:       946 |       1036 |         platform
import time:      1199 |       1199 |         textwrap
import time:       502 |        502 |           warnings
import time:      1173 |       1674 |         threading
import time:       336 |        336 |           _socket
import time:      2729 |       3065 |         typing_extensions
import time:       297 |        297 |                 __future__
import time:       413 |        710 |               _colorize
import time:      1204 |       1913 |             traceback
import time:        57 |         57 |               _string
import time:       726 |        783 |             string
import time:        61 |         61 |             atexit
import time:      2034 |       4789 |           logging
import time:       958 |        958 |             _compat_pickle
import time:       220 |        220 |             _pickle
import time:      2424 |       3600 |           pickle
import time:      1573 |       9962 |         torch._utils
import time:       193 |        193 |               zlib
import time:       493 |        493 |                 _compression
import time:       452 |        452 |                 _bz2
import time:       621 |       1565 |               bz2
import time:       424 |        424 |                 _lzma
import time:       459 |        883 |               lzma
import time:      1408 |       4047 |             shutil
import time:        66 |         66 |                 _bisect
import time:       265 |        330 |               bisect
import time:        71 |         71 |               _random
import time:       717 |       1116 |             random
import time:       799 |       5962 |           tempfile
import time:       182 |        182 |             torch._strobelight
import time:       112 |        112 |                   _json
import time:       728 |        840 |                 json.scanner
import time:      1028 |       1868 |               json.decoder
import time:       690 |        690 |               json.encoder
import time:       915 |       3472 |             json
import time:       156 |        156 |                 _locale
import time:      1452 |       1607 |               locale
import time:       974 |        974 |               signal
import time:       110 |        110 |               fcntl
import time:       114 |        114 |               msvcrt
import time:        47 |         47 |               _posixsubprocess
import time:       136 |        136 |               select
import time:       856 |        856 |               selectors
import time:      1230 |       5071 |             subprocess
import time:       167 |        167 |               _datetime
import time:       242 |        409 |             datetime
import time:       153 |        153 |               array
import time:      2007 |       2160 |             socket
import time:       115 |        115 |                 gc
import time:       400 |        515 |               timeit
import time:      4341 |       4855 |             torch._strobelight.cli_function_profiler
import time:       998 |      17143 |           torch._strobelight.compile_time_profiler
import time:       608 |      23712 |         torch._utils_internal
import time:       125 |        125 |               torch._vendor
import time:       204 |        329 |             torch._vendor.packaging
import time:       231 |        231 |             torch._vendor.packaging._structures
import time:      2812 |       3371 |           torch._vendor.packaging.version
import time:       188 |        188 |           torch.version
import time:       332 |       3889 |         torch.torch_version
import time:        44 |         44 |         torch._rocm_init
import time:       261 |        261 |             numpy.version
import time:       353 |        353 |             numpy._expired_attrs_2_0
import time:       180 |        180 |                 numpy._utils._convertions
import time:       179 |        358 |               numpy._utils
import time:       471 |        828 |             numpy._globals
import time:        38 |         38 |               numpy._distributor_init_local
import time:       164 |        201 |             numpy._distributor_init
import time:       441 |        441 |                       numpy.exceptions
import time:       423 |        423 |                       numpy._core._exceptions
import time:       197 |        197 |                           _contextvars
import time:       169 |        366 |                         contextvars
import time:       157 |        523 |                       numpy._core.printoptions
import time:       386 |        386 |                       numpy.dtypes
import time:      7903 |       9675 |                     numpy._core._multiarray_umath
import time:       216 |        216 |                       numpy._utils._inspect
import time:       711 |        926 |                     numpy._core.overrides
import time:      3042 |      13643 |                   numpy._core.multiarray
import time:       324 |        324 |                   numpy._core.umath
import time:       769 |        769 |                     numbers
import time:       286 |        286 |                     numpy._core._dtype
import time:       178 |        178 |                     numpy._core._string_helpers
import time:       508 |        508 |                     numpy._core._type_aliases
import time:      1184 |       2922 |                   numpy._core.numerictypes
import time:       292 |        292 |                           numpy._core._methods
import time:      1478 |       1769 |                         numpy._core.fromnumeric
import time:       643 |       2412 |                       numpy._core.shape_base
import time:       334 |        334 |                       numpy._core._ufunc_config
import time:       192 |        192 |                       numpy._core._asarray
import time:      1085 |       1085 |                       numpy._core.arrayprint
import time:      2067 |       6088 |                     numpy._core.numeric
import time:      1053 |       7140 |                   numpy._core.einsumfunc
import time:       578 |        578 |                   numpy._core.function_base
import time:       443 |        443 |                   numpy._core.getlimits
import time:       277 |        277 |                   numpy._core.memmap
import time:       490 |        490 |                   numpy._core.records
import time:     10393 |      10393 |                   numpy._core._add_newdocs
import time:      1140 |       1140 |                   numpy._core._add_newdocs_scalars
import time:       200 |        200 |                   numpy._core._dtype_ctypes
import time:      1002 |       1002 |                   numpy._core._internal
import time:       306 |        306 |                   numpy._pytesttester
import time:      3250 |      42104 |                 numpy._core
import time:       213 |      42317 |               numpy._core._multiarray_umath
import time:       678 |      42994 |             numpy.__config__
import time:       404 |        404 |                               numpy._typing._nbit_base
import time:       450 |        450 |                               numpy._typing._nested_sequence
import time:       204 |        204 |                               numpy._typing._shape
import time:      9146 |      10202 |                             numpy._typing._array_like
import time:      3365 |       3365 |                             numpy._typing._char_codes
import time:      7342 |       7342 |                             numpy._typing._dtype_like
import time:       245 |        245 |                             numpy._typing._nbit
import time:       193 |        193 |                             numpy._typing._scalars
import time:       143 |        143 |                             numpy._typing._ufunc
import time:      1333 |      22818 |                           numpy._typing
import time:       354 |        354 |                             numpy.lib._stride_tricks_impl
import time:       513 |        867 |                           numpy.lib._twodim_base_impl
import time:       279 |        279 |                             numpy.lib._array_utils_impl
import time:       243 |        521 |                           numpy.lib.array_utils
import time:       512 |        512 |                           numpy.linalg._umath_linalg
import time:      3005 |      27721 |                         numpy.linalg._linalg
import time:       405 |      28126 |                       numpy.linalg
import time:       593 |      28719 |                     numpy.matrixlib.defmatrix
import time:       335 |      29053 |                   numpy.matrixlib
import time:       645 |        645 |                     numpy.lib._histograms_impl
import time:      2217 |       2861 |                   numpy.lib._function_base_impl
import time:      1318 |      33231 |                 numpy.lib._index_tricks_impl
import time:       600 |      33831 |               numpy.lib._arraypad_impl
import time:      1173 |       1173 |               numpy.lib._arraysetops_impl
import time:       229 |        229 |               numpy.lib._arrayterator_impl
import time:       847 |        847 |               numpy.lib._nanfunctions_impl
import time:       665 |        665 |                     numpy.lib._utils_impl
import time:       641 |       1305 |                   numpy.lib._format_impl
import time:       341 |       1646 |                 numpy.lib.format
import time:       387 |        387 |                 numpy.lib._datasource
import time:       930 |        930 |                 numpy.lib._iotools
import time:      1417 |       4379 |               numpy.lib._npyio_impl
import time:       352 |        352 |                   numpy.lib._ufunclike_impl
import time:       857 |       1208 |                 numpy.lib._type_check_impl
import time:       939 |       2147 |               numpy.lib._polynomial_impl
import time:       581 |        581 |               numpy.lib._shape_base_impl
import time:       203 |        203 |               numpy.lib._version
import time:       157 |        157 |               numpy.lib.introspect
import time:       261 |        261 |               numpy.lib.mixins
import time:       139 |        139 |               numpy.lib.npyio
import time:       365 |        365 |                 numpy.lib._scimath_impl
import time:       288 |        652 |               numpy.lib.scimath
import time:       128 |        128 |               numpy.lib.stride_tricks
import time:      2846 |      47566 |             numpy.lib
import time:       414 |        414 |             numpy._array_api_info
import time:      2724 |      95338 |           numpy
import time:      3961 |       3961 |           torch._opaque_base
import time:    285276 |     384574 |         torch._C
import time:       316 |        316 |           copy
import time:       216 |        216 |           torch._namedtensor_internals
import time:      2579 |       2579 |           torch.overrides
import time:      2053 |       5162 |         torch._tensor
import time:       689 |        689 |           torch.types
import time:      2803 |       3492 |         torch.storage
import time:       484 |        484 |           torch.amp.autocast_mode
import time:       638 |        638 |           torch.amp.grad_scaler
import time:       264 |       1385 |         torch.amp
import time:       258 |        258 |         torch.random
import time:        70 |         70 |               _heapq
import time:       667 |        737 |             heapq
import time:      2078 |       2814 |           difflib
import time:       105 |        105 |             pwd
import time:        77 |         77 |             grp
import time:      2385 |       2566 |           tarfile
import time:       472 |        472 |           torch._weights_only_unpickler
import time:       527 |        527 |           torch._sources
import time:       301 |        301 |           mmap
import time:      3970 |      10648 |         torch.serialization
import time:      1240 |       1240 |           dataclasses
import time:      2156 |       3396 |         torch._tensor_str
import time:       315 |        315 |           torch.cuda._device_limits
import time:       263 |        263 |           torch.cuda.gds
import time:       180 |        180 |               cuda
import time:       481 |        481 |                 cuda.bindings.utils._nvvm_utils
import time:       362 |        362 |                 cuda.bindings.utils._ptx_utils
import time:       148 |        148 |                 cuda.bindings.utils._version_check
import time:       829 |       1818 |               cuda.bindings.utils
import time:       141 |        141 |               cuda.bindings._version
import time:       952 |       3090 |             cuda.bindings
import time:       212 |        212 |                     cuda.bindings._bindings
import time:      1587 |       1798 |                   cuda.bindings._bindings.cydriver
import time:      2183 |       3980 |                 cuda.bindings.cydriver
import time:       157 |        157 |                   cuda.bindings._internal
import time:       672 |        829 |                 cuda.bindings._internal._fast_enum
import time:     15826 |      20634 |               cuda.bindings.driver
import time:      2844 |       2844 |                   cuda.bindings._bindings.cyruntime_ptds
import time:      1184 |       4027 |                 cuda.bindings._bindings.cyruntime
import time:       174 |        174 |                     cuda.pathfinder._binaries
import time:       155 |        155 |                     cuda.pathfinder._binaries.supported_nvidia_binaries
import time:       122 |        122 |                       cuda.pathfinder._utils
import time:       964 |       1085 |                     cuda.pathfinder._utils.env_vars
import time:       197 |        197 |                     cuda.pathfinder._utils.find_sub_dirs
import time:       164 |        164 |                     cuda.pathfinder._utils.platform_aware
import time:      1517 |       3290 |                   cuda.pathfinder._binaries.find_nvidia_binary_utility
import time:       114 |        114 |                     cuda.pathfinder._dynamic_libs
import time:      1713 |       1826 |                   cuda.pathfinder._dynamic_libs.load_dl_common
import time:      3529 |       3529 |                       cuda.pathfinder._dynamic_libs.descriptor_catalog
import time:       467 |       3995 |                     cuda.pathfinder._dynamic_libs.lib_descriptor
import time:       331 |        331 |                         ctypes.util
import time:      7438 |       7769 |                       cuda.pathfinder._dynamic_libs.load_dl_linux
import time:      1642 |       9411 |                     cuda.pathfinder._dynamic_libs.platform_loader
import time:       259 |        259 |                         cuda.pathfinder._dynamic_libs.supported_nvidia_libs
import time:      2028 |       2286 |                       cuda.pathfinder._dynamic_libs.search_platform
import time:      1620 |       3906 |                     cuda.pathfinder._dynamic_libs.search_steps
import time:       774 |        774 |                         pathlib._abc
import time:       104 |        104 |                             _winapi
import time:        93 |         93 |                             nt
import time:        77 |         77 |                             nt
import time:        69 |         69 |                             nt
import time:       213 |        213 |                             nt
import time:        66 |         66 |                             nt
import time:       190 |        190 |                             nt
import time:        79 |         79 |                             nt
import time:       780 |       1667 |                           ntpath
import time:      1187 |       2853 |                         pathlib._local
import time:       563 |       4189 |                       pathlib
import time:      1505 |       5693 |                     cuda.pathfinder._dynamic_libs.subprocess_protocol
import time:       997 |      24000 |                   cuda.pathfinder._dynamic_libs.load_nvidia_dynamic_lib
import time:       104 |        104 |                     cuda.pathfinder._headers
import time:      2291 |       2291 |                       cuda.pathfinder._headers.header_descriptor_catalog
import time:       257 |       2547 |                     cuda.pathfinder._headers.header_descriptor
import time:       910 |       3561 |                   cuda.pathfinder._headers.find_nvidia_headers
import time:       274 |        274 |                   cuda.pathfinder._headers.supported_nvidia_headers
import time:        99 |         99 |                     cuda.pathfinder._static_libs
import time:      1425 |       1523 |                   cuda.pathfinder._static_libs.find_bitcode_lib
import time:       964 |        964 |                   cuda.pathfinder._static_libs.find_static_lib
import time:       141 |        141 |                   cuda.pathfinder._version
import time:      1062 |      36637 |                 cuda.pathfinder
import time:      1111 |      41774 |               cuda.bindings.cyruntime
import time:     10269 |      72677 |             cuda.bindings.runtime
import time:       964 |      76730 |           torch.cuda._utils
import time:      1336 |       1336 |           torch.cuda.graphs
import time:       267 |        267 |           torch.cuda.green_contexts
import time:       294 |        294 |           torch.cuda.streams
import time:        88 |         88 |           pynvml
import time:       230 |        230 |                 binascii
import time:       638 |        868 |               base64
import time:       904 |       1771 |             torch.cuda._memory_viz
import time:      1548 |       3319 |           torch.cuda.memory
import time:       486 |        486 |           torch.cuda.random
import time:       615 |        615 |             torch.cuda.amp.autocast_mode
import time:       390 |        390 |                 importlib._abc
import time:       489 |        879 |               importlib.util
import time:       323 |       1201 |             torch.cuda.amp.common
import time:       380 |        380 |             torch.cuda.amp.grad_scaler
import time:       448 |       2643 |           torch.cuda.amp
import time:       463 |        463 |           torch.cuda.jiterator
import time:       337 |        337 |           torch.cuda.nvtx
import time:       269 |        269 |           torch.cuda.profiler
import time:       218 |        218 |           torch.cuda.sparse
import time:       338 |        338 |               concurrent
import time:      6483 |       6483 |               concurrent.futures._base
import time:       582 |       7402 |             concurrent.futures
import time:       696 |        696 |                 multiprocessing.process
import time:       606 |        606 |                 multiprocessing.reduction
import time:      1127 |       2429 |               multiprocessing.context
import time:       544 |       2972 |             multiprocessing
import time:       626 |      10999 |           torch.cuda.tunable
import time:    246803 |     344823 |         torch.cuda
import time:       385 |        385 |             torch.sparse._semi_structured_conversions
import time:       381 |        381 |             torch.sparse._semi_structured_ops
import time:      1481 |       2245 |           torch.sparse.semi_structured
import time:       758 |       3003 |         torch.sparse
import time:       431 |        431 |         torch._compile
import time:       340 |        340 |         torch._VF
import time:       808 |        808 |               torch.nn.parameter
import time:      2194 |       2194 |                   torch._prims_common
import time:       467 |        467 |                       torch.utils.backcompat
import time:      1563 |       1563 |                       torch.utils.collect_env
import time:       451 |        451 |                             _queue
import time:      1343 |       1793 |                           queue
import time:       266 |        266 |                                     torch.distributed._pycute.typing
import time:       735 |       1001 |                                   torch.distributed._pycute.int_tuple
import time:       936 |        936 |                                   torch.distributed._pycute.layout
import time:       322 |       2258 |                                 torch.distributed._pycute
import time:      2011 |       4268 |                               torch.distributed._mesh_layout
import time:       548 |        548 |                               torch.utils._typing_utils
import time:      4197 |       4197 |                                     _hashlib
import time:       127 |        127 |                                     _blake2
import time:       590 |       4914 |                                   hashlib
import time:       353 |        353 |                                       unittest.util
import time:       448 |        800 |                                     unittest.result
import time:       354 |        354 |                                       pprint
import time:       912 |       1266 |                                     unittest.case
import time:       650 |        650 |                                     unittest.suite
import time:       804 |        804 |                                     unittest.loader
import time:       772 |        772 |                                         gettext
import time:      1113 |       1884 |                                       argparse
import time:       179 |        179 |                                         unittest.signals
import time:       366 |        544 |                                       unittest.runner
import time:       380 |       2808 |                                     unittest.main
import time:       524 |       6849 |                                   unittest
import time:      2397 |      14159 |                                 torch.utils._config_module
import time:       867 |      15025 |                               torch.distributed.config
import time:       296 |        296 |                                 torch.monitor
import time:       190 |        190 |                                   torch.distributed.logging_handlers
import time:       328 |        518 |                                 torch.distributed.c10d_logger
import time:       143 |        143 |                                 torch.distributed.constants
import time:       151 |        151 |                                     urllib
import time:      1247 |       1247 |                                     ipaddress
import time:      1197 |       2595 |                                   urllib.parse
import time:       272 |       2866 |                                 torch.distributed.rendezvous
import time:       357 |        357 |                                   torchcomms
import time:        48 |        405 |                                 torchcomms._comms
import time:       302 |        302 |                                   torchcomms
import time:        30 |        332 |                                 torchcomms._backend_wrapper
import time:      2958 |       7515 |                               torch.distributed.distributed_c10d
import time:      1893 |      29248 |                             torch.distributed.device_mesh
import time:       198 |        198 |                             torch.distributed.remote_device
import time:      8483 |      37928 |                           torch.distributed
import time:       310 |        310 |                                           torch.utils.data.datapipes._hook_iterator
import time:       421 |        730 |                                         torch.utils.data.datapipes._typing
import time:       148 |        148 |                                           torch.utils._import_utils
import time:       367 |        367 |                                             torch.utils.data.datapipes.utils
import time:       582 |        949 |                                           torch.utils.data.datapipes.utils.common
import time:      1015 |       1015 |                                           torch.utils.data.dataset
import time:       854 |       2964 |                                         torch.utils.data.datapipes.datapipe
import time:       239 |       3932 |                                       torch.utils.data.datapipes._decorator
import time:       160 |        160 |                                         torch.utils.data.datapipes.dataframe.dataframe_wrapper
import time:       224 |        383 |                                       torch.utils.data.datapipes.dataframe.structures
import time:       712 |       5027 |                                     torch.utils.data.datapipes.dataframe.dataframes
import time:       877 |        877 |                                     torch.utils.data.datapipes.dataframe.datapipes
import time:       254 |       6157 |                                   torch.utils.data.datapipes.dataframe
import time:       374 |        374 |                                           torch.utils.data._utils.collate
import time:       172 |        172 |                                           torch.utils.data._utils.fetch
import time:       143 |        143 |                                           torch.utils.data._utils.pin_memory
import time:       110 |        110 |                                           torch.utils.data._utils.signal_handling
import time:      3362 |       3362 |                                           torch.utils.data._utils.worker
import time:       267 |       4424 |                                         torch.utils.data._utils
import time:        25 |       4449 |                                       torch.utils.data._utils.collate
import time:       524 |       4972 |                                     torch.utils.data.datapipes.iter.callable
import time:       454 |        454 |                                       torch.utils.data.sampler
import time:       484 |        937 |                                     torch.utils.data.datapipes.iter.combinatorics
import time:      1308 |       1308 |                                     torch.utils.data.datapipes.iter.combining
import time:       189 |        189 |                                       torch.utils.data.datapipes.iter.utils
import time:       390 |        579 |                                     torch.utils.data.datapipes.iter.filelister
import time:       379 |        379 |                                     torch.utils.data.datapipes.iter.fileopener
import time:       493 |        493 |                                     torch.utils.data.datapipes.iter.grouping
import time:       345 |        345 |                                       torch.utils.data.datapipes.utils.decoder
import time:       401 |        745 |                                     torch.utils.data.datapipes.iter.routeddecoder
import time:       327 |        327 |                                     torch.utils.data.datapipes.iter.selecting
import time:       473 |        473 |                                     torch.utils.data.datapipes.iter.sharding
import time:       335 |        335 |                                     torch.utils.data.datapipes.iter.streamreader
import time:       327 |      10869 |                                   torch.utils.data.datapipes.iter
import time:       438 |        438 |                                     torch.utils.data.datapipes.map.callable
import time:       342 |        342 |                                     torch.utils.data.datapipes.map.combinatorics
import time:       621 |        621 |                                     torch.utils.data.datapipes.map.combining
import time:       817 |        817 |                                     torch.utils.data.datapipes.map.grouping
import time:       400 |        400 |                                     torch.utils.data.datapipes.map.utils
import time:       263 |       2880 |                                   torch.utils.data.datapipes.map
import time:       188 |      20092 |                                 torch.utils.data.datapipes
import time:        27 |      20119 |                               torch.utils.data.datapipes.iter
import time:        29 |      20147 |                             torch.utils.data.datapipes.iter.sharding
import time:       192 |        192 |                             torch.utils.data.graph
import time:       286 |      20624 |                           torch.utils.data.graph_settings
import time:      1454 |      61797 |                         torch.utils.data.dataloader
import time:       282 |        282 |                         torch.utils.data.distributed
import time:       399 |      62477 |                       torch.utils.data
import time:       158 |        158 |                       torch.utils.deterministic
import time:       550 |        550 |                       torch.utils.hooks
import time:       318 |        318 |                       torch.utils.backend_registration
import time:       122 |        122 |                       torch.utils.cpp_backtrace
import time:       185 |        185 |                       torch.utils.throughput_benchmark
import time:       747 |      66584 |                     torch.utils
import time:       155 |        155 |                     torchgen
import time:       478 |        478 |                         torchgen.code_template
import time:      1043 |       1521 |                       torchgen.utils
import time:     18712 |      20233 |                     torchgen.model
import time:      1812 |      88783 |                   torch.utils._python_dispatch
import time:      2194 |      93170 |                 torch.nn.modules.module
import time:       285 |        285 |                         torch.distributed.autograd
import time:       275 |        275 |                           torch.futures
import time:       153 |        153 |                           torch.distributed.rpc._utils
import time:       124 |        124 |                           torch.distributed.rpc.constants
import time:       604 |        604 |                           torch.distributed.rpc.internal
import time:       705 |       1859 |                         torch.distributed.rpc.api
import time:       511 |        511 |                         torch.distributed.rpc.backend_registry
import time:       143 |        143 |                         torch.distributed.rpc.functions
import time:       166 |        166 |                         torch.distributed.rpc.options
import time:       303 |        303 |                                     email
import time:       239 |        239 |                                         zipfile._path.glob
import time:       543 |        782 |                                       zipfile._path
import time:      1532 |       2313 |                                     zipfile
import time:       285 |        285 |                                     importlib.metadata._meta
import time:       320 |        320 |                                     importlib.metadata._collections
import time:       110 |        110 |                                     importlib.metadata._functools
import time:       173 |        173 |                                     importlib.metadata._itertools
import time:       745 |        745 |                                           importlib.resources.abc
import time:       426 |       1171 |                                         importlib.resources._common
import time:       154 |        154 |                                         importlib.resources._functional
import time:       172 |       1496 |                                       importlib.resources
import time:       465 |       1961 |                                     importlib.abc
import time:      5525 |      10988 |                                   importlib.metadata
import time:       122 |        122 |                                             torch._functorch
import time:       310 |        310 |                                                 torch.utils._contextlib
import time:       367 |        677 |                                               torch.autograd.grad_mode
import time:       467 |       1143 |                                             torch.autograd.forward_ad
import time:      1052 |       2316 |                                           torch._functorch.pyfunctorch
import time:       983 |       3299 |                                         torch._ops
import time:       994 |        994 |                                         torch._library.utils
import time:       836 |       5128 |                                       torch._library.autograd
import time:       267 |        267 |                                       torch._library.fake_impl
import time:       261 |        261 |                                         torch._library.effects
import time:       257 |        517 |                                       torch._library.simple_registry
import time:       384 |        384 |                                       torch._library.fake_class_registry
import time:       114 |        114 |                                         torch.utils._exposed_in
import time:       617 |        617 |                                         torch._library.custom_ops
import time:      1479 |       1479 |                                           torch._library.opaque_object
import time:      1170 |       2648 |                                         torch._library.infer_schema
import time:       364 |       3741 |                                       torch._library.triton
import time:       247 |      10282 |                                     torch._library
import time:        61 |      10343 |                                   torch._library.opaque_object
import time:      7945 |      29274 |                                 torch.utils._pytree
import time:       222 |      29496 |                               torch._vmap_internals
import time:       340 |        340 |                               torch.autograd.functional
import time:       277 |        277 |                                 torch.autograd.variable
import time:       915 |       1192 |                               torch.autograd.graph
import time:       178 |        178 |                               torch.autograd.anomaly_mode
import time:       154 |        154 |                                     torch._functorch.utils
import time:       135 |        135 |                                       torch._functorch.predispatch
import time:       255 |        389 |                                     torch._functorch.vmap
import time:       215 |        758 |                                   torch._functorch.apis
import time:       944 |       1701 |                                 torch._functorch.autograd_function
import time:      1208 |       2909 |                               torch.autograd.function
import time:       239 |        239 |                                   torch.testing._utils
import time:        88 |         88 |                                     cmath
import time:       954 |       1042 |                                   torch.testing._comparison
import time:       335 |        335 |                                   torch.testing._creation
import time:       367 |       1981 |                                 torch.testing
import time:      2695 |       4676 |                               torch.autograd.gradcheck
import time:       340 |        340 |                                   _uuid
import time:       964 |       1303 |                                 uuid
import time:      1772 |       1772 |                                 torch.autograd.profiler_util
import time:      1585 |       4660 |                               torch.autograd.profiler
import time:      2992 |      46438 |                             torch.autograd
import time:       317 |      46754 |                           torch.autograd.profiler_legacy
import time:       180 |      46934 |                         torch.distributed.rpc.server_process_global_profiler
import time:      1054 |      50949 |                       torch.distributed.rpc
import time:      1325 |       1325 |                                   pickletools
import time:       253 |        253 |                                   torch.package._digraph
import time:       204 |        204 |                                   torch.package._importlib
import time:       185 |        185 |                                   torch.package._mangling
import time:       284 |        284 |                                     torch.package.importer
import time:       259 |        543 |                                   torch.package._package_pickler
import time:       300 |        300 |                                   torch.package._stdlib
import time:       267 |        267 |                                   torch.package.find_file_dependencies
import time:       964 |        964 |                                   torch.package.glob_group
import time:      1474 |       5509 |                                 torch.package.package_exporter
import time:       167 |       5676 |                               torch.package.analyze.find_first_use_of_broken_modules
import time:       170 |        170 |                               torch.package.analyze.trace_dependencies
import time:       174 |       6019 |                             torch.package.analyze
import time:       146 |       6165 |                           torch.package.analyze.is_from_package
import time:       184 |        184 |                           torch.package.file_structure_representation
import time:       154 |        154 |                             torch.package._directory_reader
import time:       143 |        143 |                             torch.package._package_unpickler
import time:       548 |        844 |                           torch.package.package_importer
import time:       179 |       7371 |                         torch.package
import time:        58 |       7428 |                       torch.package._mangling
import time:       436 |        436 |                       torch._awaits
import time:      1116 |      59927 |                     torch._jit_internal
import time:      2022 |       2022 |                     torch._torch_docs
import time:       280 |        280 |                     torch.nn._reduction
import time:       264 |        264 |                       torch.nn.modules.utils
import time:       486 |        749 |                     torch.nn.grad
import time:      4899 |      67875 |                   torch.nn.functional
import time:       391 |        391 |                   torch.nn.init
import time:       646 |        646 |                   torch.nn.modules.lazy
import time:       475 |      69387 |                 torch.nn.modules.linear
import time:       715 |        715 |                 torch.nn.modules.activation
import time:       610 |        610 |                   torch.nn.modules.container
import time:       369 |        979 |                 torch.nn.modules.adaptive
import time:       294 |        294 |                   torch.nn.modules._functions
import time:       428 |        721 |                 torch.nn.modules.batchnorm
import time:       158 |        158 |                 torch.nn.modules.channelshuffle
import time:       677 |        677 |                   torch.nn.common_types
import time:      1171 |       1847 |                 torch.nn.modules.conv
import time:       422 |        422 |                 torch.nn.modules.distance
import time:       583 |        583 |                 torch.nn.modules.dropout
import time:       215 |        215 |                 torch.nn.modules.flatten
import time:       218 |        218 |                 torch.nn.modules.fold
import time:       356 |        356 |                 torch.nn.modules.instancenorm
import time:       799 |        799 |                 torch.nn.modules.loss
import time:       362 |        362 |                 torch.nn.modules.normalization
import time:       463 |        463 |                 torch.nn.modules.padding
import time:       168 |        168 |                 torch.nn.modules.pixelshuffle
import time:       732 |        732 |                 torch.nn.modules.pooling
import time:       104 |        104 |                           torch.__future__
import time:       839 |        942 |                         torch.nn.utils.parametrize
import time:       814 |       1755 |                       torch.nn.utils.parametrizations
import time:       701 |        701 |                       torch.nn.utils.rnn
import time:       245 |        245 |                         torch.nn.utils._named_member_accessor
import time:       262 |        506 |                       torch.nn.utils.stateless
import time:       190 |        190 |                         torch.utils._foreach_utils
import time:       304 |        493 |                       torch.nn.utils.clip_grad
import time:       125 |        125 |                       torch.nn.utils.convert_parameters
import time:       201 |        201 |                       torch.nn.utils.fusion
import time:       103 |        103 |                       torch.nn.utils.init
import time:       148 |        148 |                       torch.nn.utils.memory_format
import time:       339 |        339 |                       torch.nn.utils.spectral_norm
import time:       302 |        302 |                       torch.nn.utils.weight_norm
import time:       456 |       5124 |                     torch.nn.utils
import time:        25 |       5149 |                   torch.nn.utils.rnn
import time:      2502 |       7650 |                 torch.nn.modules.rnn
import time:       452 |        452 |                 torch.nn.modules.sparse
import time:       505 |        505 |                 torch.nn.modules.transformer
import time:       295 |        295 |                 torch.nn.modules.upsampling
import time:      1042 |     181227 |               torch.nn.modules
import time:       214 |        214 |                     torch.backends.cpu
import time:       728 |        728 |                     torch.backends.cuda
import time:       291 |        291 |                       torch.backends.cudnn.rnn
import time:       437 |        728 |                     torch.backends.cudnn
import time:       204 |        204 |                     torch.backends.cusparselt
import time:       247 |        247 |                     torch.backends.kleidiai
import time:       140 |        140 |                     torch.backends.mha
import time:       222 |        222 |                     torch.backends.miopen
import time:       165 |        165 |                     torch.backends.mkl
import time:       292 |        292 |                     torch.backends.mkldnn
import time:       940 |        940 |                       torch.library
import time:       196 |       1136 |                     torch.backends.mps
import time:       153 |        153 |                     torch.backends.nnpack
import time:       105 |        105 |                     torch.backends.openmp
import time:        78 |         78 |                       opt_einsum
import time:       199 |        277 |                     torch.backends.opt_einsum
import time:       334 |        334 |                     torch.backends.python_native
import time:       251 |        251 |                     torch.backends.quantized
import time:       883 |       6070 |                   torch.backends
import time:        30 |       6100 |                 torch.backends.cuda
import time:       345 |        345 |                 torch.nn.attention._registry
import time:       683 |        683 |                 torch.nn.attention._fa3
import time:       653 |        653 |                 torch.nn.attention._fa4
import time:       433 |       8212 |               torch.nn.attention
import time:       207 |        207 |                   torch.nn.parallel.parallel_apply
import time:       266 |        266 |                       torch.cuda.nccl
import time:       408 |        674 |                     torch.nn.parallel.comm
import time:       343 |       1017 |                   torch.nn.parallel.replicate
import time:       376 |        376 |                     torch.nn.parallel._functions
import time:       670 |       1045 |                   torch.nn.parallel.scatter_gather
import time:       419 |       2688 |                 torch.nn.parallel.data_parallel
import time:       498 |        498 |                       torch.distributed.algorithms.join
import time:       154 |        651 |                     torch.distributed.algorithms
import time:        30 |        681 |                   torch.distributed.algorithms.join
import time:       448 |        448 |                   torch.distributed.utils
import time:      3143 |       4271 |                 torch.nn.parallel.distributed
import time:       274 |       7232 |               torch.nn.parallel
import time:       453 |     197930 |             torch.nn
import time:        41 |     197971 |           torch.nn.functional
import time:       194 |        194 |             torch._linalg_utils
import time:       290 |        484 |           torch._lowrank
import time:      2597 |     201051 |         torch.functional
import time:       183 |        183 |         torch.__config__
import time:       163 |        163 |           torch.accelerator._utils
import time:       319 |        319 |           torch.accelerator.graphs
import time:       328 |        328 |           torch.accelerator.memory
import time:       337 |       1145 |         torch.accelerator
import time:       237 |        237 |             torch.cpu.amp.autocast_mode
import time:       211 |        211 |             torch.cpu.amp.grad_scaler
import time:       278 |        725 |           torch.cpu.amp
import time:      5208 |       5933 |         torch.cpu
import time:       731 |        731 |             torch.distributions.constraints
import time:       447 |        447 |               torch.distributions.utils
import time:       446 |        893 |             torch.distributions.distribution
import time:      1433 |       3056 |           torch.distributions.transforms
import time:       137 |        137 |             torch.distributions.exp_family
import time:       252 |        389 |           torch.distributions.bernoulli
import time:       415 |        415 |             torch.distributions.dirichlet
import time:       221 |        635 |           torch.distributions.beta
import time:       333 |        333 |           torch.distributions.binomial
import time:       231 |        231 |           torch.distributions.categorical
import time:       418 |        418 |           torch.distributions.cauchy
import time:       224 |        224 |             torch.distributions.gamma
import time:       207 |        430 |           torch.distributions.chi2
import time:       320 |        320 |           torch.distributions.constraint_registry
import time:       287 |        287 |           torch.distributions.continuous_bernoulli
import time:       179 |        179 |           torch.distributions.exponential
import time:       178 |        178 |           torch.distributions.fishersnedecor
import time:       216 |        216 |           torch.distributions.generalized_pareto
import time:       208 |        208 |           torch.distributions.geometric
import time:       222 |        222 |               torch.distributions.independent
import time:       204 |        426 |             torch.distributions.transformed_distribution
import time:       239 |        239 |             torch.distributions.uniform
import time:       209 |        872 |           torch.distributions.gumbel
import time:       192 |        192 |           torch.distributions.half_cauchy
import time:       176 |        176 |             torch.distributions.normal
import time:       187 |        363 |           torch.distributions.half_normal
import time:       164 |        164 |           torch.distributions.inverse_gamma
import time:       162 |        162 |             torch.distributions.laplace
import time:       360 |        360 |               torch.distributions.multivariate_normal
import time:       366 |        726 |             torch.distributions.lowrank_multivariate_normal
import time:       403 |        403 |             torch.distributions.one_hot_categorical
import time:       335 |        335 |             torch.distributions.pareto
import time:       239 |        239 |             torch.distributions.poisson
import time:      1039 |       2901 |           torch.distributions.kl
import time:       228 |        228 |           torch.distributions.kumaraswamy
import time:       210 |        210 |           torch.distributions.lkj_cholesky
import time:       192 |        192 |           torch.distributions.log_normal
import time:       195 |        195 |           torch.distributions.logistic_normal
import time:       237 |        237 |           torch.distributions.mixture_same_family
import time:       220 |        220 |           torch.distributions.multinomial
import time:       230 |        230 |           torch.distributions.negative_binomial
import time:       279 |        279 |           torch.distributions.relaxed_bernoulli
import time:       240 |        240 |           torch.distributions.relaxed_categorical
import time:       445 |        445 |           torch.distributions.studentT
import time:       271 |        271 |                 torch.jit._builtins
import time:      2436 |       2706 |               torch.jit._async
import time:       276 |        276 |               torch.jit._await
import time:       192 |        192 |               torch.jit._decomposition_utils
import time:       185 |        185 |                   torch._classes
import time:       191 |        191 |                   torch.jit._fuser
import time:        75 |         75 |                     monkeytype
import time:       274 |        349 |                   torch.jit._monkeytype_config
import time:       163 |        163 |                     torch.jit._check
import time:       279 |        279 |                     torch.jit._state
import time:       395 |        395 |                       torch.jit.annotations
import time:       208 |        208 |                       torch.jit._dataclass_impls
import time:      1351 |       1954 |                     torch.jit.frontend
import time:       734 |       3128 |                   torch.jit._recursive
import time:       195 |        195 |                   torch.jit._serialization
import time:      1448 |       5493 |                 torch.jit._script
import time:       173 |       5666 |               torch.jit._freeze
import time:       202 |        202 |               torch.jit._ir_utils
import time:      1117 |       1117 |               torch.jit._trace
import time:       453 |      10610 |             torch.jit
import time:       361 |      10971 |           torch.distributions.von_mises
import time:       219 |        219 |           torch.distributions.weibull
import time:       315 |        315 |           torch.distributions.wishart
import time:      1185 |      26524 |         torch.distributions
import time:       651 |        651 |         torch.fft
import time:       217 |        217 |             urllib.response
import time:       347 |        563 |           urllib.error
import time:      1049 |       1049 |               http
import time:       445 |        445 |                   email.errors
import time:       249 |        249 |                       email.quoprimime
import time:       118 |        118 |                       email.base64mime
import time:       181 |        181 |                           quopri
import time:       138 |        319 |                         email.encoders
import time:       201 |        519 |                       email.charset
import time:       813 |       1698 |                     email.header
import time:       350 |        350 |                       email._parseaddr
import time:      1053 |       1403 |                     email.utils
import time:       362 |       3462 |                   email._policybase
import time:       678 |       4584 |                 email.feedparser
import time:       289 |       4873 |               email.parser
import time:       284 |        284 |                 email._encoded_words
import time:       118 |        118 |                 email.iterators
import time:       587 |        989 |               email.message
import time:      1458 |       1458 |                 _ssl
import time:      2344 |       3801 |               ssl
import time:      2048 |      12758 |             http.client
import time:      1419 |      14177 |           urllib.request
import time:       239 |        239 |             tqdm._monitor
import time:       125 |        125 |             tqdm._tqdm_pandas
import time:        85 |         85 |                   unicodedata
import time:       102 |        102 |                   envwrap
import time:       581 |        767 |                 tqdm.utils
import time:      1119 |       1886 |               tqdm.std
import time:       153 |        153 |                   importlib.metadata._text
import time:       554 |        706 |                 importlib.metadata._adapters
import time:      1994 |       2699 |               tqdm.version
import time:       829 |       5413 |             tqdm.cli
import time:       269 |        269 |             tqdm.gui
import time:       319 |       6362 |           tqdm
import time:       831 |      21932 |         torch.hub
import time:       281 |        281 |         torch.linalg
import time:       231 |        231 |           torch.mps.profiler
import time:       175 |        175 |           torch.mps.event
import time:       267 |        672 |         torch.mps
import time:       139 |        139 |           torch._environment
import time:       227 |        227 |           torch.mtia._utils
import time:       184 |        184 |           torch.mtia.memory
import time:       186 |        186 |           torch.mtia.mtia_graph
import time:       739 |       1473 |         torch.mtia
import time:       326 |        326 |             multiprocessing.util
import time:       202 |        202 |             multiprocessing.resource_sharer
import time:       386 |        913 |           torch.multiprocessing.reductions
import time:       221 |        221 |               _multiprocessing
import time:        75 |         75 |               _winapi
import time:       537 |        833 |             multiprocessing.connection
import time:       240 |        240 |             concurrent.futures.thread
import time:       326 |       1398 |           torch.multiprocessing.spawn
import time:       186 |        186 |               runpy
import time:       382 |        568 |             multiprocessing.spawn
import time:       248 |        248 |             _posixshmem
import time:       404 |       1218 |           multiprocessing.resource_tracker
import time:       371 |       3898 |         torch.multiprocessing
import time:       156 |        156 |             torch.nested._internal
import time:       117 |        117 |                       torch.fx._compatibility
import time:       365 |        482 |                     torch.fx.immutable_collections
import time:       105 |        105 |                           torch.fx.experimental
import time:      1025 |       1025 |                           torch.fx.experimental._config
import time:       184 |        184 |                             torch.utils._dtype_abbrs
import time:       822 |        822 |                               torch.return_types
import time:       308 |       1129 |                             torch.fx._pytree
import time:       115 |        115 |                                 torch.utils._inspect
import time:       791 |        906 |                               torch.fx.operator_schemas
import time:      8727 |       9632 |                             torch.fx.node
import time:      3823 |      14766 |                           torch.fx.graph
import time:       715 |      16610 |                         torch.fx.graph_module
import time:       253 |      16863 |                       torch.fx._lazy_graph_module
import time:      1012 |       1012 |                         torch.fx.traceback
import time:       541 |        541 |                               pkgutil
import time:       239 |        239 |                               torch._logging.structured
import time:       525 |        525 |                                       asyncio.constants
import time:       249 |        249 |                                       asyncio.coroutines
import time:       138 |        138 |                                         asyncio.format_helpers
import time:       132 |        132 |                                           asyncio.base_futures
import time:       212 |        212 |                                           asyncio.exceptions
import time:       146 |        146 |                                           asyncio.base_tasks
import time:       424 |        912 |                                         _asyncio
import time:       728 |       1776 |                                       asyncio.events
import time:       242 |        242 |                                       asyncio.futures
import time:       194 |        194 |                                       asyncio.protocols
import time:       557 |        557 |                                         asyncio.transports
import time:       136 |        136 |                                         asyncio.log
import time:       727 |       1419 |                                       asyncio.sslproto
import time:       106 |        106 |                                           asyncio.mixins
import time:       508 |        614 |                                         asyncio.locks
import time:       262 |        262 |                                           asyncio.queues
import time:       422 |        422 |                                           asyncio.timeouts
import time:       772 |       1456 |                                         asyncio.tasks
import time:       239 |       2307 |                                       asyncio.staggered
import time:       167 |        167 |                                       asyncio.trsock
import time:      5044 |      11920 |                                     asyncio.base_events
import time:       366 |        366 |                                     asyncio.runners
import time:       426 |        426 |                                     asyncio.streams
import time:       237 |        237 |                                     asyncio.subprocess
import time:       173 |        173 |                                     asyncio.taskgroups
import time:       131 |        131 |                                     asyncio.threads
import time:       366 |        366 |                                       asyncio.base_subprocess
import time:       656 |        656 |                                       asyncio.selector_events
import time:      1123 |       2144 |                                     asyncio.unix_events
import time:       394 |      15789 |                                   asyncio
import time:      1699 |      17487 |                                 unittest.mock
import time:       611 |        611 |                                 torch.utils._ordered_set
import time:       506 |        506 |                                 torch.utils._traceback
import time:       397 |        397 |                                 torch.utils.weak
import time:      9422 |      28421 |                               torch._guards
import time:      2173 |      31372 |                             torch._logging._internal
import time:       474 |      31846 |                           torch._logging._registrations
import time:       193 |      32039 |                         torch._logging
import time:       978 |      34028 |                       torch.fx.proxy
import time:      1432 |      52321 |                     torch.fx._symbolic_trace
import time:       148 |        148 |                       torch.fx.config
import time:       947 |       1095 |                     torch.fx.interpreter
import time:      1106 |       1106 |                     torch.fx.subgraph_rewriter
import time:       248 |      55249 |                   torch.fx
import time:        36 |      55285 |                 torch.fx.experimental
import time:       246 |      55531 |               torch.fx.experimental._constant_symnode
import time:       263 |      55794 |             torch.nested._internal.nested_int
import time:       994 |      56943 |           torch.nested._internal.nested_tensor
import time:       292 |      57234 |         torch.nested
import time:       542 |        542 |             torch.optim.optimizer
import time:      1028 |       1569 |           torch.optim.lr_scheduler
import time:       635 |        635 |           torch.optim.swa_utils
import time:       429 |        429 |           torch.optim._adafactor
import time:       345 |        345 |           torch.optim._muon
import time:       347 |        347 |           torch.optim.adadelta
import time:       322 |        322 |           torch.optim.adagrad
import time:       849 |        849 |           torch.optim.adam
import time:       441 |        441 |           torch.optim.adamax
import time:       267 |        267 |           torch.optim.adamw
import time:       332 |        332 |           torch.optim.asgd
import time:       310 |        310 |           torch.optim.lbfgs
import time:       336 |        336 |           torch.optim.nadam
import time:       306 |        306 |           torch.optim.radam
import time:       282 |        282 |           torch.optim.rmsprop
import time:       418 |        418 |           torch.optim.rprop
import time:       249 |        249 |           torch.optim.sgd
import time:       137 |        137 |             torch.optim._functional
import time:       214 |        350 |           torch.optim.sparse_adam
import time:       497 |       8273 |         torch.optim
import time:       429 |        429 |             gzip
import time:      1978 |       1978 |               torch.profiler._utils
import time:      3506 |       5484 |             torch.profiler._memory_profiler
import time:      1128 |       7040 |           torch.profiler.profiler
import time:       237 |        237 |           torch.profiler.itt
import time:       249 |       7525 |         torch.profiler
import time:       275 |        275 |         torch.special
import time:       186 |        186 |           torch.xpu._utils
import time:       363 |        363 |           torch.xpu.graphs
import time:       207 |        207 |           torch.xpu.streams
import time:      1007 |       1007 |           torch.xpu.memory
import time:       234 |        234 |           torch.xpu.random
import time:       540 |       2534 |         torch.xpu
import time:       327 |        327 |             torch.signal.windows.windows
import time:       169 |        496 |           torch.signal.windows
import time:       145 |        640 |         torch.signal
import time:       124 |        124 |         torch.ao
import time:       153 |        153 |             torch.ao.nn
import time:       384 |        384 |               torch.ao.nn.intrinsic.modules.fused
import time:       157 |        540 |             torch.ao.nn.intrinsic.modules
import time:       200 |        892 |           torch.ao.nn.intrinsic
import time:       299 |        299 |             torch.nn.intrinsic.modules.fused
import time:       310 |        609 |           torch.nn.intrinsic.modules
import time:       405 |        405 |                           torch.ao.nn.qat.modules.conv
import time:       201 |        201 |                           torch.ao.nn.qat.modules.embedding_ops
import time:       160 |        160 |                           torch.ao.nn.qat.modules.linear
import time:       180 |        944 |                         torch.ao.nn.qat.modules
import time:       113 |       1057 |                       torch.ao.nn.qat
import time:       747 |       1804 |                     torch.ao.nn.intrinsic.qat.modules.conv_fused
import time:       258 |        258 |                     torch.ao.nn.intrinsic.qat.modules.linear_fused
import time:       175 |        175 |                     torch.ao.nn.intrinsic.qat.modules.linear_relu
import time:       189 |       2424 |                   torch.ao.nn.intrinsic.qat.modules
import time:       152 |       2576 |                 torch.ao.nn.intrinsic.qat
import time:       140 |       2715 |               torch.nn.intrinsic.qat.modules.conv_fused
import time:       470 |        470 |               torch.nn.intrinsic.qat.modules.linear_fused
import time:       124 |        124 |               torch.nn.intrinsic.qat.modules.linear_relu
import time:       186 |       3494 |             torch.nn.intrinsic.qat.modules
import time:       338 |       3831 |           torch.nn.intrinsic.qat
import time:       711 |        711 |                                       torch.ao.nn.quantizable.modules.activation
import time:       516 |        516 |                                       torch.ao.nn.quantizable.modules.rnn
import time:       272 |       1498 |                                     torch.ao.nn.quantizable.modules
import time:       221 |       1718 |                                   torch.ao.nn.quantizable
import time:       552 |        552 |                                   torch.ao.nn.quantized.modules.activation
import time:       307 |        307 |                                   torch.ao.nn.quantized.modules.batchnorm
import time:       191 |        191 |                                     torch.ao.nn.quantized.modules.utils
import time:       996 |       1187 |                                   torch.ao.nn.quantized.modules.conv
import time:       384 |        384 |                                   torch.ao.nn.quantized.modules.dropout
import time:       616 |        616 |                                   torch.ao.nn.quantized.modules.embedding_ops
import time:       474 |        474 |                                   torch.ao.nn.quantized.modules.functional_modules
import time:       479 |        479 |                                   torch.ao.nn.quantized.modules.linear
import time:       346 |        346 |                                   torch.ao.nn.quantized.modules.normalization
import time:       268 |        268 |                                   torch.ao.nn.quantized.modules.rnn
import time:       418 |       6743 |                                 torch.ao.nn.quantized.modules
import time:        43 |       6785 |                               torch.ao.nn.quantized.modules.utils
import time:       275 |       7060 |                             torch.ao.nn.quantized.functional
import time:       158 |       7218 |                           torch.ao.nn.quantized
import time:       245 |       7463 |                         torch.ao.nn.intrinsic.quantized.modules.bn_relu
import time:       239 |        239 |                         torch.ao.nn.intrinsic.quantized.modules.conv_add
import time:       291 |        291 |                         torch.ao.nn.intrinsic.quantized.modules.conv_relu
import time:       225 |        225 |                         torch.ao.nn.intrinsic.quantized.modules.linear_relu
import time:       184 |       8401 |                       torch.ao.nn.intrinsic.quantized.modules
import time:       112 |       8513 |                     torch.ao.nn.intrinsic.quantized
import time:       662 |        662 |                             torch.ao.nn.quantized.dynamic.modules.conv
import time:       219 |        219 |                             torch.ao.nn.quantized.dynamic.modules.linear
import time:       659 |        659 |                             torch.ao.nn.quantized.dynamic.modules.rnn
import time:       232 |       1770 |                           torch.ao.nn.quantized.dynamic.modules
import time:       246 |       2015 |                         torch.ao.nn.quantized.dynamic
import time:       490 |       2505 |                       torch.ao.nn.intrinsic.quantized.dynamic.modules.linear_relu
import time:       167 |       2671 |                     torch.ao.nn.intrinsic.quantized.dynamic.modules
import time:       148 |      11331 |                   torch.ao.nn.intrinsic.quantized.dynamic
import time:       119 |      11450 |                 torch.nn.intrinsic.quantized.dynamic.modules.linear_relu
import time:       162 |      11611 |               torch.nn.intrinsic.quantized.dynamic.modules
import time:       156 |      11767 |             torch.nn.intrinsic.quantized.dynamic
import time:       187 |        187 |               torch.nn.intrinsic.quantized.modules.bn_relu
import time:       178 |        178 |               torch.nn.intrinsic.quantized.modules.conv_relu
import time:       241 |        241 |               torch.nn.intrinsic.quantized.modules.linear_relu
import time:       227 |        831 |             torch.nn.intrinsic.quantized.modules
import time:       199 |      12796 |           torch.nn.intrinsic.quantized
import time:       194 |      18319 |         torch.nn.intrinsic
import time:       259 |        259 |                         torch.ao.nn.qat.dynamic.modules.linear
import time:       137 |        395 |                       torch.ao.nn.qat.dynamic.modules
import time:       132 |        527 |                     torch.ao.nn.qat.dynamic
import time:        27 |        554 |                   torch.ao.nn.qat.dynamic.modules
import time:        35 |        588 |                 torch.ao.nn.qat.dynamic.modules.linear
import time:       146 |        734 |               torch.nn.qat.dynamic.modules.linear
import time:       211 |        944 |             torch.nn.qat.dynamic.modules
import time:       155 |       1099 |           torch.nn.qat.dynamic
import time:       110 |        110 |             torch.nn.qat.modules.conv
import time:        98 |         98 |             torch.nn.qat.modules.embedding_ops
import time:        94 |         94 |             torch.nn.qat.modules.linear
import time:       221 |        521 |           torch.nn.qat.modules
import time:       268 |       1887 |         torch.nn.qat
import time:       120 |        120 |           torch.nn.quantizable.modules
import time:       122 |        242 |         torch.nn.quantizable
import time:       128 |        128 |           torch.nn.quantized.dynamic
import time:       355 |        355 |           torch.nn.quantized.functional
import time:       177 |        177 |           torch.nn.quantized.modules
import time:       280 |        938 |         torch.nn.quantized
import time:       106 |        106 |         torch._size_docs
import time:       127 |        127 |         torch._storage_docs
import time:       892 |        892 |         torch._tensor_docs
import time:       267 |        267 |                       torch.ao.quantization.quant_type
import time:       434 |        701 |                     torch.ao.quantization.utils
import time:      3966 |       4666 |                   torch.ao.quantization.observer
import time:       769 |       5435 |                 torch.ao.quantization.fake_quantize
import time:       265 |        265 |                   torch.ao.quantization.fuser_method_mappings
import time:       293 |        558 |                 torch.ao.quantization.fuse_modules
import time:       753 |        753 |                 torch.ao.quantization.qconfig
import time:       264 |        264 |                 torch.ao.quantization.qconfig_mapping
import time:       211 |        211 |                         torch.ao.nn.quantized.reference.modules.utils
import time:       424 |        634 |                       torch.ao.nn.quantized.reference.modules.conv
import time:       359 |        359 |                       torch.ao.nn.quantized.reference.modules.linear
import time:       701 |        701 |                       torch.ao.nn.quantized.reference.modules.rnn
import time:       226 |        226 |                       torch.ao.nn.quantized.reference.modules.sparse
import time:       215 |       2132 |                     torch.ao.nn.quantized.reference.modules
import time:       152 |       2283 |                   torch.ao.nn.quantized.reference
import time:       251 |        251 |                           torch.ao.nn.sparse.quantized.linear
import time:       208 |        208 |                           torch.ao.nn.sparse.quantized.utils
import time:       265 |        723 |                         torch.ao.nn.sparse.quantized.dynamic.linear
import time:       152 |        875 |                       torch.ao.nn.sparse.quantized.dynamic
import time:       184 |       1058 |                     torch.ao.nn.sparse.quantized
import time:       160 |       1217 |                   torch.ao.nn.sparse
import time:       218 |        218 |                   torch.ao.quantization.stubs
import time:      1083 |       4800 |                 torch.ao.quantization.quantization_mappings
import time:       540 |        540 |                 torch.ao.quantization.quantize
import time:       543 |        543 |                 torch.ao.quantization.quantize_jit
import time:       517 |      13407 |               torch.ao.quantization
import time:        38 |      13444 |             torch.ao.quantization.fake_quantize
import time:       149 |      13592 |           torch.quantization.fake_quantize
import time:       129 |        129 |           torch.quantization.fuse_modules
import time:       119 |        119 |           torch.quantization.fuser_method_mappings
import time:       120 |        120 |           torch.quantization.observer
import time:       110 |        110 |           torch.quantization.qconfig
import time:       114 |        114 |           torch.quantization.quant_type
import time:       100 |        100 |           torch.quantization.quantization_mappings
import time:       123 |        123 |           torch.quantization.quantize
import time:       112 |        112 |           torch.quantization.quantize_jit
import time:        87 |         87 |           torch.quantization.stubs
import time:       309 |      14908 |         torch.quantization
import time:       356 |        356 |         torch.quasirandom
import time:       146 |        146 |         torch.multiprocessing._atfork
import time:       475 |        475 |         torch._lobpcg
import time:       129 |        129 |             torch.masked._docs
import time:       345 |        345 |                   torch.masked.maskedtensor.core
import time:      3099 |       3443 |                 torch.masked.maskedtensor.binary
import time:       974 |        974 |                 torch.masked.maskedtensor.passthrough
import time:       120 |        120 |                   torch.masked.maskedtensor.creation
import time:      1278 |       1398 |                 torch.masked.maskedtensor.reductions
import time:      3264 |       3264 |                 torch.masked.maskedtensor.unary
import time:       182 |       9259 |               torch.masked.maskedtensor
import time:        29 |       9287 |             torch.masked.maskedtensor.core
import time:       669 |      10085 |           torch.masked._ops
import time:       216 |      10301 |         torch.masked
import time:       497 |        497 |         torch.utils.dlpack
import time:       152 |        152 |                       torch._dispatch
import time:       921 |       1073 |                     torch._dispatch.python
import time:      5342 |       5342 |                           torch._library.fake_profile
import time:       131 |        131 |                             torch.utils._mode_utils
import time:      6696 |       6826 |                           torch._subclasses.meta_utils
import time:       240 |        240 |                           torch.utils._stats
import time:      1771 |       1771 |                             torch.fx.experimental.sym_node
import time:      3421 |       5192 |                           torch._subclasses._fake_tensor_utils
import time:       157 |        157 |                             torch._custom_op
import time:      5300 |       5456 |                           torch._subclasses.fake_impls
import time:      7844 |      30897 |                         torch._subclasses.fake_tensor
import time:       378 |        378 |                         torch._subclasses.fake_utils
import time:       199 |      31473 |                       torch._subclasses
import time:        35 |      31507 |                     torch._subclasses.meta_utils
import time:       625 |      33205 |                   torch.fx.passes.shape_prop
import time:       110 |        110 |                   pydot
import time:       469 |      33783 |                 torch.fx.passes.graph_drawer
import time:       763 |        763 |                 torch.fx.passes.graph_manipulation
import time:      1068 |       1068 |                         torch.fx.passes.utils.matcher_utils
import time:       314 |       1381 |                       torch.fx.passes.utils.common
import time:       169 |       1550 |                     torch.fx.passes.utils
import time:       865 |        865 |                     torch.fx.passes.tools_common
import time:      1062 |       3475 |                   torch.fx.passes.split_utils
import time:      1022 |       4497 |                 torch.fx.passes.net_min_base
import time:       529 |        529 |                 torch.fx.passes.operator_support
import time:       232 |        232 |                 torch.fx.passes.param_fetch
import time:       297 |        297 |                 torch.fx.passes.regional_inductor
import time:       895 |        895 |                 torch.fx.passes.reinplace
import time:       137 |        137 |                   torch.fx._utils
import time:      1190 |       1190 |                     torch._subclasses.functional_tensor
import time:       394 |        394 |                     torch.utils._thunk
import time:       214 |        214 |                     torch.fx.experimental._backward_state
import time:      2889 |       4686 |                   torch.fx.experimental.proxy_tensor
import time:       493 |       5316 |                 torch.fx.passes.runtime_assert
import time:       418 |        418 |                 torch.fx.passes.split_module
import time:      1625 |       1625 |                 torch.fx.passes.splitter_base
import time:       544 |      48894 |               torch.fx.passes
import time:       325 |        325 |                 torch.fx.passes.infra.pass_base
import time:       359 |        684 |               torch.fx.passes.infra.pass_manager
import time:       223 |      49800 |             torch.fx.passes.infra
import time:        31 |      49830 |           torch.fx.passes.infra.pass_base
import time:       504 |        504 |           torch.export.custom_ops
import time:       254 |        254 |           torch.export._state_dict_utils
import time:       156 |        156 |                 torch.export._tree_utils
import time:      4785 |       4785 |                 torch.export.graph_signature
import time:       201 |        201 |                       torch._custom_op.autograd
import time:       939 |       1139 |                     torch._custom_op.impl
import time:       157 |       1296 |                   torch._custom_ops
import time:       756 |        756 |                   torch._export.utils
import time:      1342 |       1342 |                               torch._higher_order_ops.schema
import time:      1288 |       2630 |                             torch._higher_order_ops.utils
import time:      2071 |       4700 |                           torch._higher_order_ops.auto_functionalize
import time:       357 |       5056 |                         torch._higher_order_ops.base_hop
import time:       995 |       6051 |                       torch._higher_order_ops._invoke_quant
import time:       405 |        405 |                       torch._higher_order_ops.aoti_call_delegate
import time:       688 |        688 |                       torch._higher_order_ops.associative_scan
import time:       628 |        628 |                       torch._higher_order_ops.cond
import time:      2243 |       2243 |                         torch._higher_order_ops.invoke_leaf_function
import time:       397 |        397 |                         torch._higher_order_ops.print
import time:       128 |        128 |                             torch._functorch._aot_autograd
import time:       674 |        801 |                           torch._functorch._aot_autograd.utils
import time:       426 |       1227 |                         torch._higher_order_ops.torchbind
import time:       870 |       4736 |                       torch._higher_order_ops.effects
import time:       352 |        352 |                       torch._higher_order_ops.executorch_call_delegate
import time:      1148 |       1148 |                       torch._higher_order_ops.flat_apply
import time:       109 |        109 |                             torch.testing._internal
import time:       510 |        618 |                           torch.testing._internal.logging_tensor
import time:       919 |       1536 |                         torch.utils.checkpoint
import time:      1166 |       2702 |                       torch._higher_order_ops.flex_attention
import time:       266 |        266 |                       torch._higher_order_ops.foreach_map
import time:       316 |        316 |                       torch._higher_order_ops.hints_wrap
import time:       473 |        473 |                       torch._higher_order_ops.inline_asm_elementwise
import time:       323 |        323 |                             torch.utils._debug_mode._utils
import time:       718 |       1040 |                           torch.utils._debug_mode._calls
import time:     29347 |      29347 |                           torch.utils._debug_mode._mode
import time:       206 |      30592 |                         torch.utils._debug_mode
import time:      1986 |      32578 |                       torch._higher_order_ops.invoke_subgraph
import time:       627 |        627 |                       torch._higher_order_ops.local_map
import time:       604 |        604 |                       torch._higher_order_ops.map
import time:      1521 |       1521 |                       torch._higher_order_ops.out_dtype
import time:       376 |        376 |                       torch._higher_order_ops.run_const_graph
import time:       321 |        321 |                         torch._higher_order_ops.partitioner
import time:       827 |       1147 |                       torch._higher_order_ops.scan
import time:       298 |        298 |                       torch._higher_order_ops.strict_mode
import time:       624 |        624 |                       torch._higher_order_ops.while_loop
import time:      1006 |       1006 |                       torch._higher_order_ops.wrap
import time:       579 |      57116 |                     torch._higher_order_ops
import time:        44 |      57160 |                   torch._higher_order_ops.flat_apply
import time:       606 |      59816 |                 torch._export.wrappers
import time:       537 |        537 |                 torch._export.config
import time:      1227 |      66519 |               torch._export
import time:        71 |      66589 |             torch._export.utils
import time:      1217 |      67806 |           torch.export.decomp_utils
import time:       691 |        691 |               torch._export.verifier
import time:      1839 |       2530 |             torch.export.exported_program
import time:      3033 |       5562 |           torch.export.dynamic_shapes
import time:       193 |        193 |             torch.export._remove_effect_tokens_pass
import time:      2092 |       2285 |           torch.export.unflatten
import time:       487 |     126726 |         torch.export
import time:       115 |        115 |           torch._functorch.batch_norm_replacement
import time:       584 |        584 |             torch.fx.experimental.const_fold
import time:       726 |       1309 |           torch._functorch.eager_transforms
import time:       389 |        389 |           torch._functorch.functional_call
import time:       206 |       2018 |         torch.func
import time:       603 |        603 |         torch.distributed._meta_registrations
import time:       296 |        296 |                   torch.utils._content_store
import time:       369 |        665 |                 torch._prims.debug_prims
import time:       891 |        891 |                 torch._prims.rng_prims
import time:      4075 |       4075 |                 torch._prims_common.wrappers
import time:    138059 |     143689 |               torch._prims
import time:     37418 |     181107 |             torch._decomp.decompositions
import time:       313 |        313 |               torch.testing._internal.common_dtype
import time:       845 |        845 |               torch._refs._conversions
import time:      6730 |       6730 |               torch._refs.fft
import time:      1347 |       1347 |               torch._refs.linalg
import time:       141 |        141 |                 torch._refs.nn
import time:      6025 |       6166 |               torch._refs.nn.functional
import time:      3071 |       3071 |               torch._refs.special
import time:     41425 |      59893 |             torch._refs
import time:       505 |     241504 |           torch._decomp
import time:     88465 |     329968 |         torch._meta_registrations
import time:      1089 |       1089 |           torch.compiler.config
import time:       456 |        456 |             torch.utils._appending_byte_serializer
import time:      1595 |       2050 |           torch.compiler._cache
import time:       582 |       3720 |         torch.compiler
import time:       120 |        120 |             torch._native.common_utils
import time:      1224 |       1224 |               torch._native.registry
import time:       384 |       1607 |             torch._native.dsl_registry
import time:       405 |       2131 |           torch._native.cutedsl_utils
import time:       162 |        162 |           torch._native.ops
import time:       240 |        240 |           torch._native.triton_utils
import time:       390 |       2921 |         torch._native
import time:    112054 |    1791983 |       torch
import time:       382 |        382 |             modulefinder
import time:       332 |        332 |               torchvision._internally_replaced_utils
import time:      2710 |       3042 |             torchvision.extension
import time:      9978 |       9978 |             torchvision._autograd_registrations
import time:      3390 |       3390 |             torchvision._meta_registrations
import time:       259 |        259 |                   PIL._version
import time:       297 |        556 |                 PIL
import time:      3780 |       3780 |                   PIL.ExifTags
import time:       824 |        824 |                   PIL.ImageMode
import time:      1439 |       1439 |                   PIL.TiffTags
import time:       246 |        246 |                   PIL._binary
import time:       172 |        172 |                   PIL._deprecate
import time:       168 |        168 |                   PIL._util
import time:        78 |         78 |                   defusedxml
import time:      1126 |       1126 |                   PIL._imaging
import time:      3124 |      10953 |                 PIL.Image
import time:        92 |         92 |                           pytorch
import time:        24 |        116 |                         pytorch.vision
import time:        14 |        129 |                       pytorch.vision.fb
import time:        20 |        149 |                     pytorch.vision.fb.io
import time:       239 |        239 |                         PIL.ImageColor
import time:       275 |        275 |                               PIL._typing
import time:       941 |        941 |                               PIL._imagingft
import time:       643 |       1858 |                             PIL.ImageFont
import time:       533 |       2391 |                           PIL.ImageText
import time:       348 |       2738 |                         PIL.ImageDraw
import time:       749 |       3725 |                       torchvision.utils
import time:      2870 |       6594 |                     torchvision.io.image
import time:       229 |       6970 |                   torchvision.io
import time:        43 |       7013 |                 torchvision.io.image
import time:       288 |        288 |                   torchvision.datasets.vision
import time:       530 |        818 |                 torchvision.datasets.folder
import time:       107 |        107 |                   torch.utils.model_zoo
import time:       474 |        580 |                 torchvision.datasets.utils
import time:       682 |      20599 |               torchvision.datasets._optical_flow
import time:      1212 |       1212 |               torchvision.datasets._stereo_matching
import time:       318 |        318 |               torchvision.datasets.caltech
import time:        79 |         79 |                   _csv
import time:       480 |        558 |                 csv
import time:       453 |       1010 |               torchvision.datasets.celeba
import time:       354 |        354 |               torchvision.datasets.cifar
import time:      1018 |       1018 |               torchvision.datasets.cityscapes
import time:       355 |        355 |               torchvision.datasets.clevr
import time:       271 |        271 |               torchvision.datasets.coco
import time:       166 |        166 |               torchvision.datasets.country211
import time:       238 |        238 |               torchvision.datasets.dtd
import time:       193 |        193 |               torchvision.datasets.eurosat
import time:        80 |         80 |                     accimage
import time:        89 |         89 |                       accimage
import time:       528 |        528 |                           PIL.ImageFilter
import time:       232 |        232 |                           PIL.ImageStat
import time:      3689 |       4448 |                         PIL.ImageEnhance
import time:       189 |        189 |                             PIL.GimpGradientFile
import time:       183 |        183 |                             PIL.GimpPaletteFile
import time:       251 |        251 |                             PIL.PaletteFile
import time:       370 |        991 |                           PIL.ImagePalette
import time:       610 |       1601 |                         PIL.ImageOps
import time:       245 |        245 |                         accimage
import time:       747 |       7039 |                       torchvision.transforms._functional_pil
import time:       726 |        726 |                       torchvision.transforms._functional_tensor
import time:       697 |       8550 |                     torchvision.transforms.functional
import time:      1137 |       9766 |                   torchvision.transforms.transforms
import time:       509 |        509 |                   torchvision.transforms.autoaugment
import time:       147 |      10421 |                 torchvision.transforms
import time:       240 |      10660 |               torchvision.datasets.fakedata
import time:       214 |        214 |               torchvision.datasets.fer2013
import time:       206 |        206 |               torchvision.datasets.fgvc_aircraft
import time:      1375 |       1375 |                     html.entities
import time:     56623 |      57997 |                   html
import time:       692 |        692 |                   _markupbase
import time:      1799 |      60487 |                 html.parser
import time:       297 |      60783 |               torchvision.datasets.flickr
import time:       235 |        235 |               torchvision.datasets.flowers102
import time:       182 |        182 |               torchvision.datasets.food101
import time:       162 |        162 |               torchvision.datasets.gtsrb
import time:       345 |        345 |                 torchvision.datasets.video_utils
import time:       245 |        589 |               torchvision.datasets.hmdb51
import time:       268 |        268 |               torchvision.datasets.imagenet
import time:       211 |        211 |               torchvision.datasets.imagenette
import time:       257 |        257 |               torchvision.datasets.inaturalist
import time:       443 |        443 |               torchvision.datasets.kinetics
import time:       315 |        315 |               torchvision.datasets.kitti
import time:       404 |        404 |               torchvision.datasets.lfw
import time:       325 |        325 |               torchvision.datasets.lsun
import time:       558 |        558 |               torchvision.datasets.mnist
import time:       194 |        194 |               torchvision.datasets.moving_mnist
import time:       191 |        191 |               torchvision.datasets.omniglot
import time:       246 |        246 |               torchvision.datasets.oxford_iiit_pet
import time:       220 |        220 |               torchvision.datasets.pcam
import time:       238 |        238 |               torchvision.datasets.phototour
import time:       243 |        243 |               torchvision.datasets.places365
import time:       216 |        216 |               torchvision.datasets.rendered_sst2
import time:       262 |        262 |               torchvision.datasets.sbd
import time:       205 |        205 |               torchvision.datasets.sbu
import time:       193 |        193 |               torchvision.datasets.semeion
import time:       478 |        478 |               torchvision.datasets.stanford_cars
import time:       220 |        220 |               torchvision.datasets.stl10
import time:       166 |        166 |               torchvision.datasets.sun397
import time:       177 |        177 |               torchvision.datasets.svhn
import time:       207 |        207 |               torchvision.datasets.ucf101
import time:       182 |        182 |               torchvision.datasets.usps
import time:       145 |        145 |                     xml
import time:       177 |        322 |                   xml.etree
import time:       635 |        635 |                   xml.etree.ElementPath
import time:       225 |        225 |                     pyexpat
import time:       165 |        390 |                   _elementtree
import time:      1517 |       2861 |                 xml.etree.ElementTree
import time:        84 |         84 |                   defusedxml
import time:        29 |        113 |                 defusedxml.ElementTree
import time:       313 |       3286 |               torchvision.datasets.voc
import time:       247 |        247 |               torchvision.datasets.widerface
import time:      1101 |     109793 |             torchvision.datasets
import time:       278 |        278 |                 torchvision.transforms._presets
import time:      1189 |       1189 |                 torchvision.models._api
import time:       475 |        475 |                 torchvision.models._meta
import time:       235 |        235 |                   torchvision._utils
import time:       434 |        669 |                 torchvision.models._utils
import time:       574 |       3183 |               torchvision.models.alexnet
import time:       548 |        548 |                         torch.onnx.errors
import time:       110 |        110 |                             torch.onnx.ops._dtype_mappings
import time:      7639 |       7749 |                           torch.onnx.ops._impl
import time:      6492 |       6492 |                           torch.onnx.ops._symbolic_impl
import time:       335 |      14575 |                         torch.onnx.ops
import time:       182 |        182 |                             torch.onnx._internal
import time:       181 |        362 |                           torch.onnx._internal.exporter
import time:       229 |        591 |                         torch.onnx._internal.exporter._exportable_module
import time:       148 |        148 |                             torch.onnx._internal._lazy_import
import time:       229 |        229 |                             torch.onnx._internal.exporter._dynamic_shapes
import time:        86 |         86 |                               torch.onnx._internal.exporter._constants
import time:       216 |        301 |                             torch.onnx._internal.exporter._ir_passes
import time:       384 |       1062 |                           torch.onnx._internal.exporter._onnx_program
import time:       490 |       1551 |                         torch.onnx._internal.exporter._input_observer
import time:       109 |        109 |                         torch.onnx._internal.torchscript_exporter
import time:       120 |        120 |                           torch.onnx._constants
import time:       665 |        665 |                           torch.onnx._internal.torchscript_exporter._type_utils
import time:       450 |        450 |                             torch.onnx._internal.torchscript_exporter.registration
import time:       499 |        499 |                             torch.onnx._internal.torchscript_exporter._globals
import time:      1155 |       2103 |                           torch.onnx._internal.torchscript_exporter.jit_utils
import time:       235 |        235 |                             torch.onnx._internal.torchscript_exporter.onnx_proto_utils
import time:       713 |        947 |                           torch.onnx._internal.torchscript_exporter.utils
import time:      1190 |       5023 |                         torch.onnx._internal.torchscript_exporter.symbolic_helper
import time:      4461 |       4461 |                           torch.onnx._internal.torchscript_exporter.symbolic_opset9
import time:      1063 |       5524 |                         torch.onnx._internal.torchscript_exporter.symbolic_opset10
import time:       341 |      28257 |                       torch.onnx
import time:      1104 |       1104 |                         torch.onnx._internal.torchscript_exporter.symbolic_opset11
import time:       278 |       1382 |                       torch.onnx.symbolic_opset11
import time:       190 |        190 |                       torch.onnx.symbolic_helper
import time:       259 |      30087 |                     torchvision.ops._register_onnx_ops
import time:       197 |        197 |                       torchvision.ops._box_convert
import time:       246 |        246 |                       torchvision.ops._utils
import time:       410 |        852 |                     torchvision.ops.boxes
import time:       131 |        131 |                       torchvision.ops.diou_loss
import time:       160 |        291 |                     torchvision.ops.ciou_loss
import time:       453 |        453 |                     torchvision.ops.deform_conv
import time:       320 |        320 |                     torchvision.ops.drop_block
import time:       610 |        610 |                       torchvision.ops.misc
import time:       370 |        979 |                     torchvision.ops.feature_pyramid_network
import time:       151 |        151 |                     torchvision.ops.focal_loss
import time:       207 |        207 |                     torchvision.ops.giou_loss
import time:       285 |        285 |                                   _lsprof
import time:       455 |        455 |                                   profile
import time:       357 |       1096 |                                 cProfile
import time:      2098 |       2098 |                                 pstats
import time:      1920 |       1920 |                                 torch._dynamo.callback
import time:       553 |        553 |                                       termios
import time:       445 |        998 |                                     getpass
import time:      1273 |       1273 |                                     sysconfig
import time:      1186 |       1186 |                                     _sysconfigdata__linux_x86_64-linux-gnu
import time:     10380 |      13836 |                                   torch._dynamo.config
import time:       264 |      14100 |                                 torch._dynamo.distributed
import time:      1746 |       1746 |                                   torch._dynamo.dynamo_profiler
import time:      2067 |       2067 |                                       torch._functorch.config
import time:       208 |        208 |                                             mpmath.usertools
import time:        89 |         89 |                                                         gmpy2
import time:        58 |         58 |                                                         gmpy
import time:       246 |        392 |                                                       mpmath.libmp.backend
import time:       544 |        544 |                                                       mpmath.libmp.libintmath
import time:      1119 |       2054 |                                                     mpmath.libmp.libmpf
import time:       726 |        726 |                                                       mpmath.libmp.libelefun
import time:       742 |       1468 |                                                     mpmath.libmp.libmpc
import time:      1078 |       1078 |                                                       mpmath.libmp.gammazeta
import time:       602 |       1680 |                                                     mpmath.libmp.libhyper
import time:       436 |        436 |                                                     mpmath.libmp.libmpi
import time:       497 |       6133 |                                                   mpmath.libmp
import time:        40 |       6172 |                                                 mpmath.libmp.backend
import time:       736 |        736 |                                                     mpmath.functions.functions
import time:       280 |        280 |                                                     mpmath.functions.factorials
import time:       558 |        558 |                                                     mpmath.functions.hypergeometric
import time:       338 |        338 |                                                     mpmath.functions.expintegrals
import time:       764 |        764 |                                                     mpmath.functions.bessel
import time:       322 |        322 |                                                     mpmath.functions.orthogonal
import time:       295 |        295 |                                                     mpmath.functions.theta
import time:       412 |        412 |                                                     mpmath.functions.elliptic
import time:       190 |        190 |                                                     mpmath.functions.signals
import time:       521 |        521 |                                                     mpmath.functions.zeta
import time:       393 |        393 |                                                     mpmath.functions.rszeta
import time:       585 |        585 |                                                     mpmath.functions.zetazeros
import time:      3381 |       3381 |                                                     mpmath.functions.qfunctions
import time:       806 |       9576 |                                                   mpmath.functions
import time:        29 |       9604 |                                                 mpmath.functions.functions
import time:       219 |        219 |                                                     mpmath.calculus.calculus
import time:       188 |        188 |                                                     mpmath.calculus.approximation
import time:       241 |        241 |                                                     mpmath.calculus.differentiation
import time:       469 |        469 |                                                     mpmath.calculus.extrapolation
import time:       119 |        119 |                                                     mpmath.calculus.polynomials
import time:       420 |       1654 |                                                   mpmath.calculus
import time:       299 |       1952 |                                                 mpmath.calculus.quadrature
import time:       300 |        300 |                                                 mpmath.calculus.inverselaplace
import time:       559 |        559 |                                                 mpmath.calculus.optimization
import time:       226 |        226 |                                                 mpmath.calculus.odes
import time:       315 |        315 |                                                     mpmath.matrices.eigen
import time:       338 |        338 |                                                     mpmath.matrices.eigen_symmetric
import time:       268 |        920 |                                                   mpmath.matrices
import time:       371 |       1291 |                                                 mpmath.matrices.matrices
import time:       207 |        207 |                                                 mpmath.matrices.calculus
import time:       270 |        270 |                                                 mpmath.matrices.linalg
import time:       263 |        263 |                                                 mpmath.identification
import time:       140 |        140 |                                                   colorsys
import time:       251 |        390 |                                                 mpmath.visualization
import time:       553 |      21782 |                                               mpmath.ctx_base
import time:       295 |        295 |                                               mpmath.math2
import time:       799 |        799 |                                               mpmath.function_docs
import time:       477 |      23352 |                                             mpmath.ctx_fp
import time:      3851 |       3851 |                                               mpmath.rational
import time:      2970 |       2970 |                                               mpmath.ctx_mp_python
import time:      1329 |       8150 |                                             mpmath.ctx_mp
import time:       506 |        506 |                                             mpmath.ctx_iv
import time:      1753 |      33967 |                                           mpmath
import time:       229 |        229 |                                           sympy.release
import time:       222 |        222 |                                                         sympy.utilities.enumerative
import time:       241 |        241 |                                                         sympy.utilities.misc
import time:       242 |        242 |                                                           sympy.utilities.exceptions
import time:       362 |        604 |                                                         sympy.utilities.decorator
import time:       587 |       1653 |                                                       sympy.utilities.iterables
import time:       385 |        385 |                                                           sympy.external.importtools
import time:       184 |        568 |                                                         sympy.external
import time:       818 |       1385 |                                                       sympy.utilities.lambdify
import time:       189 |        189 |                                                       sympy.utilities.timeutils
import time:       177 |       3402 |                                                     sympy.utilities
import time:        35 |       3436 |                                                   sympy.utilities.iterables
import time:       208 |       3644 |                                                 sympy.core.random
import time:       211 |        211 |                                                   sympy.core.cache
import time:       219 |        430 |                                                 sympy.core.parameters
import time:       269 |        269 |                                                       sympy.core.logic
import time:       334 |        602 |                                                     sympy.core.facts
import time:       383 |        383 |                                                     sympy.core.assumptions_generated
import time:       429 |       1414 |                                                   sympy.core.assumptions
import time:       194 |        194 |                                                   sympy.core.sorting
import time:        96 |         96 |                                                               sympy.multipledispatch.utils
import time:       191 |        286 |                                                             sympy.multipledispatch.conflict
import time:       326 |        612 |                                                           sympy.multipledispatch.dispatcher
import time:       173 |        784 |                                                         sympy.multipledispatch.core
import time:       140 |        924 |                                                       sympy.multipledispatch
import time:        37 |        960 |                                                     sympy.multipledispatch.dispatcher
import time:       353 |       1313 |                                                   sympy.core.kind
import time:       168 |        168 |                                                   sympy.core._print_helpers
import time:       167 |        167 |                                                     sympy.core.core
import time:       334 |        500 |                                                   sympy.core.singleton
import time:       250 |        250 |                                                   sympy.core.traversal
import time:      1777 |       5613 |                                                 sympy.core.basic
import time:       365 |      10050 |                                               sympy.core.sympify
import time:       739 |        739 |                                                         _decimal
import time:       155 |        894 |                                                       decimal
import time:      1402 |       1402 |                                                       fractions
import time:       277 |       2572 |                                                     sympy.external.pythonmpq
import time:       460 |        460 |                                                     sympy.external.ntheory
import time:        93 |         93 |                                                     flint
import time:        73 |         73 |                                                     gmpy2
import time:       277 |       3473 |                                                   sympy.external.gmpy
import time:       575 |       4047 |                                                 sympy.core.evalf
import time:       199 |        199 |                                                 sympy.core.decorators
import time:       166 |        166 |                                                 sympy.core.intfunc
import time:       525 |        525 |                                                   sympy.core.operations
import time:      1056 |       1056 |                                                     sympy.core.containers
import time:       876 |        876 |                                                         sympy.core.add
import time:       247 |        247 |                                                         sympy.core.rules
import time:      2493 |       2493 |                                                               sympy.logic.boolalg
import time:       277 |        277 |                                                               sympy.logic.inference
import time:       187 |       2956 |                                                             sympy.logic
import time:        35 |       2990 |                                                           sympy.logic.boolalg
import time:       976 |       3966 |                                                         sympy.core.symbol
import time:      2319 |       7405 |                                                       sympy.core.function
import time:       220 |        220 |                                                         sympy.core.coreerrors
import time:      1744 |       1963 |                                                       sympy.core.relational
import time:       803 |      10171 |                                                     sympy.core.power
import time:      4490 |      15716 |                                                   sympy.core.numbers
import time:       866 |      17106 |                                                 sympy.core.mul
import time:       513 |        513 |                                                   sympy.core.exprtools
import time:       420 |        933 |                                                 sympy.core.mod
import time:      1504 |      23953 |                                               sympy.core.expr
import time:       155 |        155 |                                               sympy.core.multidimensional
import time:       269 |      34425 |                                             sympy.core
import time:        36 |      34461 |                                           sympy.core.cache
import time:       106 |        106 |                                               sympy.utilities.source
import time:       956 |       1062 |                                             sympy.assumptions.assume
import time:       420 |        420 |                                               sympy.assumptions.cnf
import time:       284 |        284 |                                               sympy.assumptions.ask_generated
import time:       724 |       1427 |                                             sympy.assumptions.ask
import time:       192 |        192 |                                             sympy.assumptions.refine
import time:       408 |        408 |                                               sympy.assumptions.relation.binrel
import time:       128 |        535 |                                             sympy.assumptions.relation
import time:       184 |       3398 |                                           sympy.assumptions
import time:       466 |        466 |                                                 sympy.polys.polyerrors
import time:      1607 |       2073 |                                               sympy.polys.polyoptions
import time:       136 |        136 |                                                     sympy.polys.domains.domainelement
import time:       315 |        315 |                                                     sympy.polys.orderings
import time:       233 |        233 |                                                       sympy.polys.domains.modularinteger
import time:       475 |        708 |                                                     sympy.polys.polyutils
import time:       621 |       1778 |                                                   sympy.polys.domains.domain
import time:       238 |        238 |                                                       sympy.polys.domains.ring
import time:       242 |        479 |                                                     sympy.polys.domains.field
import time:       170 |        170 |                                                     sympy.polys.domains.simpledomain
import time:       641 |        641 |                                                       sympy.polys.polyconfig
import time:       658 |       1298 |                                                     sympy.polys.galoistools
import time:       160 |        160 |                                                       sympy.polys.domains.pythonrational
import time:       282 |        442 |                                                     sympy.polys.domains.groundtypes
import time:       393 |       2780 |                                                   sympy.polys.domains.finitefield
import time:       176 |        176 |                                                     sympy.polys.domains.characteristiczero
import time:       318 |        493 |                                                   sympy.polys.domains.integerring
import time:       232 |        232 |                                                   sympy.polys.domains.rationalfield
import time:       325 |        325 |                                                         sympy.polys.monomials
import time:       309 |        634 |                                                       sympy.polys.densebasic
import time:       438 |        438 |                                                       sympy.polys.densearith
import time:       259 |        259 |                                                       sympy.polys.densetools
import time:       284 |        284 |                                                       sympy.polys.euclidtools
import time:       182 |        182 |                                                       sympy.polys.sqfreetools
import time:       329 |        329 |                                                       sympy.polys.factortools
import time:       803 |        803 |                                                       sympy.polys.rootisolation
import time:      1528 |       4453 |                                                     sympy.polys.polyclasses
import time:       349 |       4802 |                                                   sympy.polys.domains.algebraicfield
import time:      3428 |       3428 |                                                   sympy.polys.domains.gaussiandomains
import time:       912 |        912 |                                                   sympy.polys.domains.realfield
import time:       725 |        725 |                                                   sympy.polys.domains.complexfield
import time:       196 |        196 |                                                     sympy.polys.domains.compositedomain
import time:       387 |        583 |                                                   sympy.polys.domains.polynomialring
import time:       616 |        616 |                                                   sympy.polys.domains.fractionfield
import time:       424 |        424 |                                                   sympy.polys.domains.expressiondomain
import time:       181 |        181 |                                                   sympy.polys.domains.expressionrawdomain
import time:       178 |        178 |                                                     sympy.polys.domains.pythonintegerring
import time:       142 |        319 |                                                   sympy.polys.domains.pythonfinitefield
import time:       161 |        161 |                                                     sympy.polys.domains.gmpyintegerring
import time:       145 |        306 |                                                   sympy.polys.domains.gmpyfinitefield
import time:       198 |        198 |                                                   sympy.polys.domains.pythonrationalfield
import time:       410 |        410 |                                                   sympy.polys.domains.gmpyrationalfield
import time:       705 |      18884 |                                                 sympy.polys.domains
import time:       480 |      19363 |                                               sympy.polys.constructor
import time:       187 |        187 |                                               sympy.polys.fglmtools
import time:       701 |        701 |                                               sympy.polys.groebnertools
import time:       134 |        134 |                                               sympy.polys.rationaltools
import time:      2327 |      24783 |                                             sympy.polys.polytools
import time:       170 |        170 |                                                     sympy.ntheory.primetest
import time:       343 |        513 |                                                   sympy.ntheory.generate
import time:       108 |        108 |                                                     sympy.ntheory.digits
import time:       168 |        168 |                                                     sympy.ntheory.ecm
import time:       587 |        862 |                                                   sympy.ntheory.factor_
import time:       120 |        120 |                                                       sympy.ntheory.modular
import time:       142 |        142 |                                                       sympy.utilities.memoization
import time:       369 |        630 |                                                     sympy.ntheory.residue_ntheory
import time:       210 |        840 |                                                   sympy.ntheory.partitions_
import time:       123 |        123 |                                                   sympy.ntheory.multinomial
import time:       129 |        129 |                                                   sympy.ntheory.continued_fraction
import time:       120 |        120 |                                                   sympy.ntheory.egyptian_fraction
import time:       182 |        182 |                                                   sympy.ntheory.qs
import time:       261 |       3027 |                                                 sympy.ntheory
import time:       814 |        814 |                                                   sympy.polys.compatibility
import time:       137 |        137 |                                                   sympy.polys.heuristicgcd
import time:       322 |        322 |                                                           sympy.printing.conventions
import time:       196 |        196 |                                                           sympy.printing.precedence
import time:       314 |        314 |                                                           sympy.printing.printer
import time:       894 |        894 |                                                           sympy.printing.str
import time:       277 |        277 |                                                               sympy.core.alphabets
import time:       944 |       1220 |                                                             sympy.printing.pretty.pretty_symbology
import time:       325 |       1545 |                                                           sympy.printing.pretty.stringpict
import time:      1840 |       5108 |                                                         sympy.printing.pretty.pretty
import time:       404 |       5511 |                                                       sympy.printing.pretty
import time:      2244 |       2244 |                                                       sympy.printing.latex
import time:      1397 |       1397 |                                                       sympy.printing.mathml
import time:       383 |        383 |                                                         sympy.printing.repr
import time:       268 |        650 |                                                       sympy.printing.python
import time:       153 |        153 |                                                                   sympy.functions.combinatorial
import time:      1394 |       1547 |                                                                 sympy.functions.combinatorial.factorials
import time:       115 |        115 |                                                                     sympy.functions.elementary
import time:      1100 |       1100 |                                                                       sympy.functions.elementary.miscellaneous
import time:       721 |        721 |                                                                       sympy.functions.elementary.piecewise
import time:      2487 |       4307 |                                                                     sympy.functions.elementary.complexes
import time:      1379 |       5800 |                                                                   sympy.functions.elementary.exponential
import time:       220 |        220 |                                                                   sympy.polys.appellseqs
import time:      4492 |      10511 |                                                                 sympy.functions.combinatorial.numbers
import time:      1563 |       1563 |                                                                   sympy.functions.elementary.integers
import time:       362 |        362 |                                                                   sympy.functions.elementary._trigonometric_special
import time:      4059 |       5983 |                                                                 sympy.functions.elementary.trigonometric
import time:      3123 |       3123 |                                                                 sympy.functions.elementary.hyperbolic
import time:       196 |        196 |                                                                   sympy.functions.special
import time:      2903 |       2903 |                                                                   sympy.functions.special.hyper
import time:      3886 |       6984 |                                                                 sympy.functions.special.error_functions
import time:      2118 |       2118 |                                                                   sympy.functions.special.zeta_functions
import time:      1594 |       3711 |                                                                 sympy.functions.special.gamma_functions
import time:       683 |        683 |                                                                 sympy.functions.special.tensor_functions
import time:      1031 |       1031 |                                                                       sympy.polys.polyquinticconst
import time:       584 |       1615 |                                                                     sympy.polys.polyroots
import time:       880 |       2495 |                                                                   sympy.functions.special.delta_functions
import time:       370 |       2864 |                                                                 sympy.functions.special.singularity_functions
import time:      1688 |       1688 |                                                                       sympy.sets.sets
import time:      2075 |       2075 |                                                                       sympy.sets.fancysets
import time:       349 |        349 |                                                                       sympy.sets.contains
import time:       363 |        363 |                                                                       sympy.sets.conditionset
import time:       512 |        512 |                                                                       sympy.sets.ordinals
import time:       234 |        234 |                                                                       sympy.sets.powerset
import time:       113 |        113 |                                                                         sympy.sets.handlers
import time:      1809 |       1921 |                                                                       sympy.sets.handlers.comparison
import time:       310 |       7448 |                                                                     sympy.sets
import time:        28 |       7476 |                                                                   sympy.sets.sets
import time:       213 |       7689 |                                                                 sympy.functions.special.bsplines
import time:       196 |        196 |                                                                   sympy.polys.orthopolys
import time:      3302 |       3498 |                                                                 sympy.functions.special.bessel
import time:      1832 |       1832 |                                                                 sympy.functions.special.polynomials
import time:       577 |        577 |                                                                 sympy.functions.special.spherical_harmonics
import time:      1142 |       1142 |                                                                 sympy.functions.special.elliptic_integrals
import time:       645 |        645 |                                                                 sympy.functions.special.beta_functions
import time:       698 |        698 |                                                                 sympy.functions.special.mathieu_functions
import time:       718 |      52195 |                                                               sympy.functions
import time:        38 |      52233 |                                                             sympy.functions.elementary
import time:        34 |      52267 |                                                           sympy.functions.elementary.complexes
import time:       639 |      52905 |                                                         sympy.printing.codeprinter
import time:       786 |      53691 |                                                       sympy.printing.pycode
import time:       626 |        626 |                                                         sympy.assumptions.relation.equality
import time:       501 |       1127 |                                                       sympy.printing.smtlib
import time:       304 |        304 |                                                       sympy.printing.glsl
import time:       285 |        285 |                                                       sympy.printing.rcode
import time:       229 |        229 |                                                       sympy.printing.jscode
import time:       345 |        345 |                                                       sympy.printing.julia
import time:       419 |        419 |                                                       sympy.printing.mathematica
import time:       418 |        418 |                                                       sympy.printing.octave
import time:       405 |        405 |                                                         sympy.utilities.mathml
import time:       144 |        548 |                                                       sympy.printing.gtk
import time:       268 |        268 |                                                       sympy.printing.preview
import time:       131 |        131 |                                                       sympy.printing.tree
import time:       599 |        599 |                                                       sympy.printing.tableform
import time:       191 |        191 |                                                       sympy.printing.dot
import time:       331 |        331 |                                                       sympy.printing.maple
import time:       463 |      69140 |                                                     sympy.printing
import time:       157 |      69297 |                                                   sympy.printing.defaults
import time:       114 |        114 |                                                   sympy.utilities.magic
import time:      1213 |      71573 |                                                 sympy.polys.rings
import time:       243 |      74841 |                                               sympy.polys.specialpolys
import time:       228 |      75069 |                                             sympy.polys.polyfuncs
import time:       433 |        433 |                                                   sympy.polys.puiseux
import time:       557 |        990 |                                                 sympy.polys.ring_series
import time:      1673 |       1673 |                                                 sympy.polys.rootoftools
import time:       386 |       3048 |                                               sympy.polys.numberfields.minpoly
import time:       303 |        303 |                                               sympy.polys.numberfields.subfield
import time:      3616 |       3616 |                                                       sympy.polys.matrices.exceptions
import time:       376 |        376 |                                                       sympy.polys.matrices.domainscalar
import time:       193 |        193 |                                                           sympy.polys.matrices._typing
import time:       241 |        434 |                                                         sympy.polys.matrices.dense
import time:       191 |        191 |                                                         sympy.polys.matrices.lll
import time:       546 |        546 |                                                         sympy.polys.matrices.sdm
import time:       152 |        152 |                                                         sympy.polys.matrices.dfm
import time:       524 |       1846 |                                                       sympy.polys.matrices.ddm
import time:       217 |        217 |                                                       sympy.polys.matrices.rref
import time:      1383 |       7436 |                                                     sympy.polys.matrices.domainmatrix
import time:       140 |       7576 |                                                   sympy.polys.matrices
import time:        59 |       7635 |                                                 sympy.polys.matrices.exceptions
import time:       613 |        613 |                                                   sympy.printing.numpy
import time:       338 |        951 |                                                 sympy.printing.lambdarepr
import time:       294 |       8879 |                                               sympy.polys.numberfields.utilities
import time:       176 |        176 |                                                   sympy.polys.matrices.normalforms
import time:       360 |        360 |                                                   sympy.polys.numberfields.exceptions
import time:       623 |       1158 |                                                 sympy.polys.numberfields.modules
import time:       207 |       1364 |                                               sympy.polys.numberfields.basis
import time:       446 |        446 |                                               sympy.polys.numberfields.primes
import time:       443 |        443 |                                                 sympy.polys.numberfields.galois_resolvents
import time:       366 |        808 |                                               sympy.polys.numberfields.galoisgroups
import time:       201 |      15046 |                                             sympy.polys.numberfields
import time:       264 |        264 |                                                 sympy.matrices.exceptions
import time:       257 |        257 |                                                 sympy.matrices.kind
import time:       161 |        161 |                                                     sympy.matrices.utilities
import time:       300 |        300 |                                                     sympy.matrices.determinant
import time:       287 |        747 |                                                   sympy.matrices.decompositions
import time:      1107 |       1107 |                                                         sympy.tensor.indexed
import time:       323 |        323 |                                                         sympy.tensor.index_methods
import time:       448 |        448 |                                                         sympy.tensor.functions
import time:       504 |        504 |                                                               sympy.tensor.array.ndim_array
import time:       252 |        755 |                                                             sympy.tensor.array.mutable_ndim_array
import time:       590 |       1345 |                                                           sympy.tensor.array.dense_ndim_array
import time:       364 |        364 |                                                           sympy.tensor.array.sparse_ndim_array
import time:       228 |        228 |                                                           sympy.tensor.array.arrayop
import time:       357 |        357 |                                                           sympy.tensor.array.array_comprehension
import time:       441 |       2733 |                                                         sympy.tensor.array
import time:       299 |       4909 |                                                       sympy.tensor
import time:        36 |       4944 |                                                     sympy.tensor.array
import time:       189 |        189 |                                                     sympy.matrices.reductions
import time:       220 |        220 |                                                                   sympy.polys.agca.ideals
import time:       801 |       1021 |                                                                 sympy.polys.agca.modules
import time:       336 |       1356 |                                                               sympy.polys.agca.homomorphisms
import time:       120 |       1476 |                                                             sympy.polys.agca
import time:       274 |       1750 |                                                           sympy.polys.agca.extensions
import time:       156 |       1906 |                                                         sympy.polys.matrices.eigen
import time:       361 |       2267 |                                                       sympy.matrices.eigen
import time:       215 |       2481 |                                                     sympy.matrices.solvers
import time:       204 |        204 |                                                     sympy.matrices.inverse
import time:       135 |        135 |                                                     sympy.matrices.subspaces
import time:       116 |        116 |                                                     sympy.matrices.graph
import time:      1973 |      10039 |                                                   sympy.matrices.matrixbase
import time:       416 |        416 |                                                   sympy.matrices.repmatrix
import time:       389 |      11589 |                                                 sympy.matrices.dense
import time:       276 |        276 |                                                 sympy.matrices.sparse
import time:       137 |        137 |                                                 sympy.matrices.sparsetools
import time:       132 |        132 |                                                               sympy.strategies.util
import time:       334 |        466 |                                                             sympy.strategies.rl
import time:       175 |        175 |                                                               sympy.strategies.core
import time:       141 |        316 |                                                             sympy.strategies.traverse
import time:       119 |        119 |                                                             sympy.strategies.tools
import time:       139 |        139 |                                                                 sympy.strategies.branch.core
import time:       155 |        294 |                                                               sympy.strategies.branch.traverse
import time:        93 |         93 |                                                               sympy.strategies.branch.tools
import time:       181 |        567 |                                                             sympy.strategies.branch
import time:       345 |       1810 |                                                           sympy.strategies
import time:       200 |        200 |                                                           sympy.matrices.expressions._shape
import time:       887 |        887 |                                                               sympy.matrices.expressions.special
import time:       330 |       1216 |                                                             sympy.matrices.expressions.matpow
import time:       268 |       1483 |                                                           sympy.matrices.expressions.inverse
import time:       276 |        276 |                                                           sympy.matrices.expressions.transpose
import time:       352 |        352 |                                                           sympy.matrices.expressions.permutation
import time:      1066 |       5185 |                                                         sympy.matrices.expressions.matmul
import time:       388 |        388 |                                                         sympy.matrices.expressions.matadd
import time:       327 |        327 |                                                         sympy.matrices.expressions.determinant
import time:      1743 |       7641 |                                                       sympy.matrices.expressions.matexpr
import time:       285 |       7925 |                                                     sympy.matrices.expressions.slice
import time:       367 |        367 |                                                       sympy.matrices.expressions.trace
import time:      1066 |       1432 |                                                     sympy.matrices.expressions.blockmatrix
import time:       331 |        331 |                                                     sympy.matrices.expressions.companion
import time:       402 |        402 |                                                     sympy.matrices.expressions.funcmatrix
import time:       239 |        239 |                                                     sympy.matrices.expressions.adjoint
import time:       455 |        455 |                                                     sympy.matrices.expressions.hadamard
import time:       474 |        474 |                                                     sympy.matrices.expressions.diagonal
import time:       199 |        199 |                                                     sympy.matrices.expressions.dotproduct
import time:       329 |        329 |                                                     sympy.matrices.expressions.kronecker
import time:       262 |        262 |                                                     sympy.matrices.expressions.sets
import time:       628 |      12670 |                                                   sympy.matrices.expressions
import time:      1463 |      14132 |                                                 sympy.matrices.immutable
import time:       283 |      26935 |                                               sympy.matrices
import time:       297 |      27232 |                                             sympy.polys.partfrac
import time:       581 |        581 |                                             sympy.polys.fields
import time:       423 |     143130 |                                           sympy.polys
import time:       447 |        447 |                                             sympy.series.order
import time:       183 |        183 |                                                   sympy.calculus.euler
import time:       149 |        149 |                                                   sympy.calculus.singularities
import time:       170 |        170 |                                                   sympy.calculus.finite_diff
import time:       818 |        818 |                                                     sympy.calculus.accumulationbounds
import time:       345 |       1163 |                                                   sympy.calculus.util
import time:       180 |       1843 |                                                 sympy.calculus
import time:        33 |       1875 |                                               sympy.calculus.accumulationbounds
import time:       416 |        416 |                                               sympy.series.gruntz
import time:       359 |       2649 |                                             sympy.series.limits
import time:       113 |        113 |                                             sympy.series.series
import time:       132 |        132 |                                             sympy.series.approximants
import time:       121 |        121 |                                             sympy.series.residues
import time:      1634 |       1634 |                                             sympy.series.sequences
import time:       273 |        273 |                                               sympy.series.series_class
import time:       614 |        887 |                                             sympy.series.fourier
import time:       258 |        258 |                                                   sympy.discrete.transforms
import time:       157 |        157 |                                                   sympy.discrete.convolutions
import time:       169 |        583 |                                                 sympy.discrete
import time:        35 |        617 |                                               sympy.discrete.convolutions
import time:      2034 |       2651 |                                             sympy.series.formal
import time:       253 |        253 |                                             sympy.series.limitseq
import time:       314 |       9198 |                                           sympy.series
import time:       480 |        480 |                                                 sympy.concrete.expr_with_limits
import time:       304 |        783 |                                               sympy.concrete.expr_with_intlimits
import time:       722 |        722 |                                                 sympy.concrete.gosper
import time:       217 |        217 |                                                       sympy.integrals.rationaltools
import time:       147 |        147 |                                                       sympy.integrals.deltafunctions
import time:       798 |        798 |                                                       sympy.integrals.meijerint
import time:       177 |        177 |                                                       sympy.integrals.trigonometry
import time:       840 |       2177 |                                                     sympy.integrals.integrals
import time:        88 |         88 |                                                             sympy.polys.domainmatrix
import time:       289 |        376 |                                                           sympy.polys.solvers
import time:       218 |        594 |                                                         sympy.polys.matrices.linsolve
import time:      1297 |       1890 |                                                       sympy.integrals.laplace
import time:      2157 |       4047 |                                                     sympy.integrals.transforms
import time:       140 |        140 |                                                     sympy.integrals.singularityfunctions
import time:       191 |       6553 |                                                   sympy.integrals
import time:        35 |       6588 |                                                 sympy.integrals.integrals
import time:       884 |       8193 |                                               sympy.concrete.summations
import time:       457 |       9432 |                                             sympy.concrete.products
import time:       142 |       9574 |                                           sympy.concrete
import time:       408 |        408 |                                                 sympy.simplify.gammasimp
import time:       153 |        560 |                                               sympy.simplify.combsimp
import time:       146 |        146 |                                               sympy.simplify.cse_opts
import time:       360 |        360 |                                                 sympy.simplify.powsimp
import time:      1497 |       1857 |                                               sympy.simplify.hyperexpand
import time:       270 |        270 |                                                 sympy.simplify.sqrtdenest
import time:       428 |        698 |                                               sympy.simplify.radsimp
import time:       334 |        334 |                                                 sympy.simplify.cse_main
import time:       139 |        139 |                                                 sympy.strategies.tree
import time:       465 |        937 |                                               sympy.simplify.trigsimp
import time:       765 |       4961 |                                             sympy.simplify.simplify
import time:      1082 |       1082 |                                             sympy.simplify.fu
import time:       218 |        218 |                                             sympy.simplify.epathtools
import time:       179 |        179 |                                             sympy.simplify.ratsimp
import time:       257 |       6695 |                                           sympy.simplify
import time:       354 |        354 |                                               sympy.solvers.polysys
import time:       237 |        237 |                                               sympy.solvers.bivariate
import time:       932 |       1522 |                                             sympy.solvers.solvers
import time:       964 |        964 |                                                   sympy.solvers.solveset
import time:      1545 |       2509 |                                                 sympy.solvers.diophantine.diophantine
import time:       175 |       2684 |                                               sympy.solvers.diophantine
import time:        36 |       2720 |                                             sympy.solvers.diophantine.diophantine
import time:       313 |        313 |                                             sympy.solvers.recurr
import time:       142 |        142 |                                                 sympy.solvers.deutils
import time:       284 |        284 |                                                   sympy.solvers.ode.riccati
import time:       193 |        193 |                                                   sympy.solvers.ode.hypergeometric
import time:       177 |        177 |                                                     sympy.solvers.ode.subscheck
import time:       258 |        435 |                                                   sympy.solvers.ode.nonhomogeneous
import time:       217 |        217 |                                                     sympy.solvers.pde
import time:       288 |        505 |                                                   sympy.solvers.ode.lie_group
import time:      1110 |       2525 |                                                 sympy.solvers.ode.single
import time:      1587 |       4252 |                                               sympy.solvers.ode.ode
import time:       507 |        507 |                                               sympy.solvers.ode.systems
import time:       184 |       4943 |                                             sympy.solvers.ode
import time:       290 |        290 |                                             sympy.solvers.inequalities
import time:       144 |        144 |                                             sympy.solvers.decompogen
import time:       265 |        265 |                                             sympy.solvers.simplex
import time:       290 |      10484 |                                           sympy.solvers
import time:       118 |        118 |                                               sympy.geometry.exceptions
import time:      5854 |       5854 |                                                 sympy.sets.handlers.intersection
import time:      2859 |       2859 |                                                 sympy.sets.handlers.union
import time:      1631 |      10342 |                                               sympy.geometry.entity
import time:       636 |      11095 |                                             sympy.geometry.point
import time:       272 |        272 |                                               sympy.geometry.util
import time:      1646 |       1918 |                                             sympy.geometry.line
import time:       413 |        413 |                                             sympy.geometry.plane
import time:       813 |        813 |                                               sympy.geometry.polygon
import time:       608 |       1420 |                                             sympy.geometry.ellipse
import time:       256 |        256 |                                             sympy.geometry.curve
import time:       243 |        243 |                                             sympy.geometry.parabola
import time:       241 |      15583 |                                           sympy.geometry
import time:       765 |        765 |                                             sympy.parsing.sympy_parser
import time:       130 |        895 |                                           sympy.parsing
import time:       516 |        516 |                                             sympy.algebras.quaternion
import time:       139 |        654 |                                           sympy.algebras
import time:       100 |        100 |                                                 sympy.plotting.backends
import time:       291 |        291 |                                                   sympy.plotting.utils
import time:       184 |        184 |                                                       sympy.plotting.intervalmath.interval_membership
import time:       247 |        430 |                                                     sympy.plotting.intervalmath.interval_arithmetic
import time:       189 |        189 |                                                     sympy.plotting.intervalmath.lib_interval
import time:       173 |        791 |                                                   sympy.plotting.intervalmath
import time:      1430 |       2511 |                                                 sympy.plotting.series
import time:       364 |       2974 |                                               sympy.plotting.backends.base_backend
import time:       291 |        291 |                                                 sympy.plotting.backends.matplotlibbackend.matplotlib
import time:       133 |        424 |                                               sympy.plotting.backends.matplotlibbackend
import time:       124 |        124 |                                                   sympy.plotting.textplot
import time:       176 |        300 |                                                 sympy.plotting.backends.textbackend.text
import time:       107 |        407 |                                               sympy.plotting.backends.textbackend
import time:       352 |        352 |                                               sympy.plotting.plotgrid
import time:       307 |       4461 |                                             sympy.plotting.plot
import time:       230 |        230 |                                             sympy.plotting.plot_implicit
import time:       143 |        143 |                                             sympy.plotting.pygletplot
import time:       180 |       5012 |                                           sympy.plotting
import time:       272 |        272 |                                             sympy.interactive.printing
import time:       204 |        204 |                                             sympy.interactive.session
import time:       135 |        135 |                                             sympy.interactive.traversal
import time:       167 |        777 |                                           sympy.interactive
import time:      1364 |     275415 |                                         sympy
import time:      5481 |       5481 |                                         torch.fx.experimental.recording
import time:       160 |        160 |                                           torch.utils._sympy
import time:       677 |        677 |                                           torch.utils._sympy.numbers
import time:      5020 |       5856 |                                         torch.utils._sympy.functions
import time:       978 |        978 |                                         torch.utils._sympy.printers
import time:       824 |        824 |                                         torch.utils._sympy.singleton_int
import time:       199 |        199 |                                         torch.utils._sympy.solve
import time:       461 |        461 |                                         torch.utils._sympy.symbol
import time:       220 |        220 |                                           torch.utils._sympy.interp
import time:      1942 |       2161 |                                         torch.utils._sympy.value_ranges
import time:       278 |        278 |                                         torch.fx.experimental._size_hinting
import time:     17409 |     309059 |                                       torch.fx.experimental.symbolic_shapes
import time:       368 |        368 |                                       torch._dynamo.metrics_context
import time:       281 |        281 |                                       torch.utils._triton
import time:       178 |        178 |                                       torch._dynamo.graph_utils
import time:       294 |        294 |                                             torch._numpy._casting_dicts
import time:       305 |        598 |                                           torch._numpy._dtypes_impl
import time:       253 |        253 |                                           torch._numpy._util
import time:       452 |        452 |                                             torch._numpy._dtypes
import time:       286 |        738 |                                           torch._numpy._normalizations
import time:       633 |       2220 |                                         torch._numpy.fft
import time:       808 |        808 |                                         torch._numpy.linalg
import time:       271 |        271 |                                         torch._numpy.random
import time:       633 |        633 |                                           torch._numpy._funcs_impl
import time:       232 |        232 |                                           torch._numpy._reductions_impl
import time:      1007 |       1870 |                                         torch._numpy._funcs
import time:       149 |        149 |                                         torch._numpy._getlimits
import time:       184 |        184 |                                             torch._numpy._binary_ufuncs_impl
import time:       120 |        120 |                                             torch._numpy._unary_ufuncs_impl
import time:       732 |       1035 |                                           torch._numpy._ufuncs
import time:       762 |       1796 |                                         torch._numpy._ndarray
import time:       327 |       7439 |                                       torch._numpy
import time:       355 |        355 |                                         numpy.fft._helper
import time:       250 |        250 |                                           numpy.fft._pocketfft_umath
import time:       388 |        637 |                                         numpy.fft._pocketfft
import time:       177 |       1168 |                                       numpy.fft
import time:       500 |        500 |                                             numpy.random._common
import time:       239 |        239 |                                               hmac
import time:       177 |        415 |                                             secrets
import time:       601 |       1515 |                                           numpy.random.bit_generator
import time:       309 |       1824 |                                         numpy.random._bounded_integers
import time:       274 |        274 |                                             numpy.random._pcg64
import time:      1400 |       1673 |                                           numpy.random._generator
import time:       523 |        523 |                                           numpy.random._mt19937
import time:       477 |        477 |                                           numpy.random._philox
import time:       274 |        274 |                                           numpy.random._sfc64
import time:      1576 |       1576 |                                           numpy.random.mtrand
import time:       227 |       4748 |                                         numpy.random._pickle
import time:       222 |       6793 |                                       numpy.random
import time:        83 |         83 |                                                 triton._C
import time:     32124 |      32206 |                                               triton._C.libtriton
import time:      3104 |      35310 |                                             triton.knobs
import time:       268 |        268 |                                                 triton.backends.driver
import time:      1021 |       1021 |                                                 triton.backends.compiler
import time:       373 |        373 |                                                 triton.runtime._allocation
import time:       799 |        799 |                                                   triton.runtime.cache
import time:       251 |       1049 |                                                 triton.runtime.build
import time:       107 |        107 |                                                   triton.errors
import time:       189 |        296 |                                                 triton.runtime.errors
import time:     13600 |      16604 |                                               triton.backends
import time:       147 |        147 |                                               triton.runtime.driver
import time:       199 |        199 |                                               triton.runtime._async_compile
import time:       208 |        208 |                                               triton._utils
import time:      1368 |      18525 |                                             triton.runtime.jit
import time:       432 |      54265 |                                           triton.runtime.autotuner
import time:       238 |      54503 |                                         triton.runtime
import time:       109 |        109 |                                               triton.tools
import time:       547 |        656 |                                             triton.tools.disasm
import time:       465 |       1120 |                                           triton.compiler.compiler
import time:       186 |        186 |                                           triton.compiler.errors
import time:       169 |       1474 |                                         triton.compiler
import time:      5087 |       5087 |                                             triton.language.core
import time:       877 |       5963 |                                           triton.language.math
import time:      3396 |       3396 |                                               triton.language.extra.cuda.libdevice
import time:       347 |        347 |                                               triton.language.extra.cuda.utils
import time:       166 |        166 |                                               triton.language.extra.cuda.gdc
import time:       206 |       4114 |                                             triton.language.extra.cuda
import time:      4081 |       4081 |                                               triton.language.extra.hip.libdevice
import time:       228 |        228 |                                               triton.language.extra.hip.utils
import time:       184 |       4492 |                                             triton.language.extra.hip
import time:       595 |       9200 |                                           triton.language.extra
import time:      9491 |       9491 |                                           triton.language.standard
import time:      3044 |       3044 |                                           triton.language.random
import time:       779 |        779 |                                           triton.language.target_info
import time:       678 |      29153 |                                         triton.language
import time:        48 |         48 |                                             _statistics
import time:       668 |        716 |                                           statistics
import time:       511 |       1227 |                                         triton.testing
import time:       671 |      87025 |                                       triton
import time:     10440 |     424814 |                                     torch._dynamo.utils
import time:      1333 |     426147 |                                   torch._dynamo.exc
import time:       199 |        199 |                                   torch.utils._functools
import time:       115 |        115 |                                   torch._dynamo.graph_break_hints
import time:       151 |        151 |                                   torch._dynamo.logging
import time:       848 |        848 |                                           torch._dynamo.aot_compile_types
import time:       387 |        387 |                                             shlex
import time:       642 |        642 |                                             ctypes.wintypes
import time:       325 |        325 |                                               torch._inductor.custom_graph_pass
import time:     13403 |      13727 |                                             torch._inductor.config
import time:       662 |        662 |                                             torch._inductor.exc
import time:       180 |        180 |                                                   torch._inductor.analysis
import time:       997 |       1177 |                                                 torch._inductor.analysis.device_info
import time:       237 |        237 |                                                   torch._inductor.runtime
import time:      1625 |       1861 |                                                 torch._inductor.runtime.hints
import time:       263 |        263 |                                                   torch.utils._pallas
import time:      1950 |       2213 |                                                 torch._dynamo.device_interface
import time:       405 |        405 |                                                 torch.fx.passes.graph_transform_observer
import time:       147 |        147 |                                                   torch._inductor.runtime.cache_dir_utils
import time:        81 |         81 |                                                   colorama
import time:       472 |        699 |                                                 torch._inductor.runtime.runtime_utils
import time:      6023 |      12375 |                                               torch._inductor.utils
import time:      2995 |      15370 |                                             torch._inductor.cpu_vec_isa
import time:      1302 |      32087 |                                           torch._inductor.cpp_builder
import time:      4342 |       4342 |                                           torch._inductor.cudagraph_utils
import time:       549 |      37824 |                                         torch._inductor.standalone_compile
import time:      1009 |      38833 |                                       torch._inductor
import time:       609 |      39441 |                                     torch._inductor.test_operators
import time:      2042 |       2042 |                                         torch._dynamo.bytecode_analysis
import time:      2785 |       4827 |                                       torch._dynamo.bytecode_transformation
import time:      1941 |       6767 |                                     torch._dynamo.resume_execution
import time:       122 |        122 |                                         torch._dynamo.current_scope_id
import time:       253 |        253 |                                           torch.utils._device
import time:     29568 |      29568 |                                           torch._dynamo.source
import time:      2309 |       2309 |                                             torch._dynamo.types
import time:       201 |        201 |                                             torch.fx.experimental._dynamism
import time:       374 |        374 |                                             torch._dynamo.external_utils
import time:       125 |        125 |                                               torch._dynamo.backends
import time:       318 |        442 |                                             torch._dynamo.backends.registry
import time:       176 |        176 |                                             torch._dynamo.code_context
import time:      1369 |       1369 |                                             torch._dynamo.hooks
import time:       411 |        411 |                                             torch._dynamo.mutation_guard
import time:      2676 |       7955 |                                           torch._dynamo.eval_frame
import time:      7266 |      45041 |                                         torch._dynamo.guards
import time:       218 |        218 |                                           torch._dynamo.graph_bytecode_inputs
import time:       237 |        237 |                                                   torch.nn.utils._expanded_weights.expanded_weights_impl
import time:       182 |        419 |                                                 torch.nn.utils._expanded_weights.expanded_weights_utils
import time:       200 |        618 |                                               torch.nn.utils._expanded_weights.conv_utils
import time:       367 |        984 |                                             torch.nn.utils._expanded_weights.conv_expanded_weights
import time:       191 |        191 |                                             torch.nn.utils._expanded_weights.embedding_expanded_weights
import time:       179 |        179 |                                             torch.nn.utils._expanded_weights.group_norm_expanded_weights
import time:       178 |        178 |                                             torch.nn.utils._expanded_weights.instance_norm_expanded_weights
import time:       186 |        186 |                                             torch.nn.utils._expanded_weights.layer_norm_expanded_weights
import time:       163 |        163 |                                             torch.nn.utils._expanded_weights.linear_expanded_weights
import time:       357 |       2235 |                                           torch.nn.utils._expanded_weights
import time:      2143 |       2143 |                                           torch._dynamo.replay_record
import time:      3123 |       3123 |                                           torch._dynamo.pgo
import time:       550 |        550 |                                                 torch._dynamo.polyfills
import time:       434 |        434 |                                                 torch._dynamo.variables.constant
import time:       331 |        331 |                                                     torch._dynamo.create_parameter_op
import time:       199 |        199 |                                                       torch._dynamo.variables.hashable
import time:       538 |        538 |                                                       torch._dynamo.variables.sets
import time:       969 |       1705 |                                                     torch._dynamo.variables.dicts
import time:       272 |        272 |                                                     torch.utils._cxx_pytree
import time:      5999 |       8306 |                                                   torch._dynamo.variables.user_defined
import time:       168 |        168 |                                                           torch.distributed._composable_state
import time:       107 |        107 |                                                             torch.distributed.algorithms._checkpoint
import time:       509 |        616 |                                                           torch.distributed.algorithms._checkpoint.checkpoint_wrapper
import time:      4109 |       4109 |                                                           torch.distributed.fsdp.api
import time:      1223 |       6115 |                                                         torch.distributed.fsdp._common_utils
import time:       168 |        168 |                                                           torch.testing._internal.distributed
import time:       303 |        470 |                                                         torch.testing._internal.distributed.fake_pg
import time:       111 |        111 |                                                                       torch.distributed._shard.common_op_utils
import time:       168 |        278 |                                                                     torch.distributed._shard.op_registry_utils
import time:       929 |        929 |                                                                         torch.distributed._shard.metadata
import time:      1336 |       1336 |                                                                           torch.distributed._shard.sharded_tensor.metadata
import time:       309 |        309 |                                                                           torch.distributed._shard.sharding_spec._internals
import time:      1281 |       2925 |                                                                         torch.distributed._shard.sharding_spec.api
import time:       534 |        534 |                                                                           torch.distributed._shard._utils
import time:       603 |        603 |                                                                           torch.distributed._shard.sharded_tensor.shard
import time:       361 |        361 |                                                                           torch.distributed._shard.sharded_tensor.utils
import time:       657 |       2152 |                                                                         torch.distributed._shard.sharding_spec.chunk_sharding_spec
import time:       233 |       6237 |                                                                       torch.distributed._shard.sharding_spec
import time:       488 |        488 |                                                                             torch.distributed.nn.functional
import time:       190 |        190 |                                                                               torch.distributed.nn.api
import time:       167 |        167 |                                                                               torch.distributed.nn.jit
import time:       168 |        168 |                                                                                   torch.distributed.nn.jit.templates
import time:       268 |        435 |                                                                                 torch.distributed.nn.jit.templates.remote_module_template
import time:       371 |        806 |                                                                               torch.distributed.nn.jit.instantiator
import time:      2368 |       3528 |                                                                             torch.distributed.nn.api.remote_module
import time:       286 |       4301 |                                                                           torch.distributed.nn
import time:        33 |       4334 |                                                                         torch.distributed.nn.functional
import time:       277 |       4610 |                                                                       torch.distributed._shard.sharded_tensor.reshard
import time:      1364 |      12211 |                                                                     torch.distributed._shard.sharded_tensor.api
import time:       364 |        364 |                                                                       torch.distributed._shard.sharded_tensor._ops.misc_ops
import time:       147 |        147 |                                                                         torch.distributed._shard.sharded_tensor._ops._common
import time:      1647 |       1793 |                                                                       torch.distributed._shard.sharded_tensor._ops.tensor_ops
import time:       134 |        134 |                                                                         torch.distributed._shard.sharding_spec.chunk_sharding_spec_ops
import time:       229 |        229 |                                                                         torch.distributed._shard.sharding_spec.chunk_sharding_spec_ops._common
import time:       351 |        714 |                                                                       torch.distributed._shard.sharding_spec.chunk_sharding_spec_ops.embedding
import time:       276 |        276 |                                                                       torch.distributed._shard.sharding_spec.chunk_sharding_spec_ops.embedding_bag
import time:       348 |        348 |                                                                       torch.distributed._shard.sharded_tensor._ops.binary_cmp
import time:       733 |        733 |                                                                       torch.distributed._shard.sharded_tensor._ops.init
import time:       343 |       4566 |                                                                     torch.distributed._shard.sharded_tensor._ops
import time:       284 |      17338 |                                                                   torch.distributed._shard.sharded_tensor
import time:       162 |        162 |                                                                   torch.distributed._shard.sharder
import time:      1095 |       1095 |                                                                     torch.distributed._shard.sharding_plan.api
import time:       178 |       1273 |                                                                   torch.distributed._shard.sharding_plan
import time:       298 |      19070 |                                                                 torch.distributed._shard.api
import time:       117 |      19186 |                                                               torch.distributed._shard
import time:        15 |      19200 |                                                             torch.distributed._shard.sharded_tensor
import time:        25 |      19225 |                                                           torch.distributed._shard.sharded_tensor.api
import time:       173 |        173 |                                                                         torch.distributed._functional_collectives_impl
import time:       485 |        485 |                                                                         torch.utils._cxx_pytree
import time:     36054 |      36711 |                                                                       torch.distributed._functional_collectives
import time:       467 |        467 |                                                                         torch.distributed._local_tensor._c10d
import time:      1783 |       2250 |                                                                       torch.distributed._local_tensor
import time:      4054 |       4054 |                                                                       torch.distributed.tensor._collective_utils
import time:       645 |        645 |                                                                       torch.distributed.tensor._ops._mask_buffer
import time:      1540 |      45198 |                                                                     torch.distributed.tensor.placement_types
import time:      1462 |      46659 |                                                                   torch.distributed.tensor._dtensor_spec
import time:       614 |        614 |                                                                     torch.utils._cxx_pytree
import time:      3180 |       3793 |                                                                   torch.distributed.tensor._op_schema
import time:       127 |        127 |                                                                     torch.distributed.tensor.device_mesh
import time:      2390 |       2516 |                                                                   torch.distributed.tensor._ops.single_dim_strategy
import time:       479 |        479 |                                                                         torch.distributed.tensor._random
import time:       303 |        303 |                                                                           torch.distributed.tensor._utils
import time:       316 |        619 |                                                                         torch.distributed.tensor._nonlinear_redux
import time:      3275 |       3275 |                                                                         torch.distributed.tensor._redistribute
import time:       408 |        408 |                                                                           torch.distributed.tensor._decompositions
import time:       707 |       1115 |                                                                         torch.distributed.tensor._sharding_prop
import time:       340 |        340 |                                                                         torch.distributed.tensor._tp_conv
import time:       345 |        345 |                                                                         torch.utils._cxx_pytree
import time:       778 |       6948 |                                                                       torch.distributed.tensor._dispatch
import time:      1093 |       8040 |                                                                     torch.distributed.tensor._api
import time:       461 |       8500 |                                                                   torch.distributed.tensor._ops.utils
import time:       405 |      61871 |                                                                 torch.distributed.tensor._ops._conv_ops
import time:       287 |        287 |                                                                 torch.distributed.tensor._ops._embedding_ops
import time:      3550 |       3550 |                                                                 torch.distributed.tensor._ops._math_ops
import time:       852 |        852 |                                                                   torch.distributed.tensor._ops._einsum_strategy
import time:      1189 |       2040 |                                                                 torch.distributed.tensor._ops._matrix_ops
import time:     29834 |      29834 |                                                                 torch.distributed.tensor._ops._pointwise_ops
import time:       374 |        374 |                                                                 torch.distributed.tensor._ops._random_ops
import time:      1499 |       1499 |                                                                 torch.distributed.tensor._ops._tensor_ops
import time:      3205 |       3205 |                                                                 torch.distributed.tensor._ops._view_ops
import time:       530 |     103187 |                                                               torch.distributed.tensor._ops
import time:       263 |     103450 |                                                             torch.distributed.tensor
import time:       252 |     103701 |                                                           torch.distributed.fsdp._shard_utils
import time:       345 |     123270 |                                                         torch.distributed.fsdp._fsdp_extensions
import time:      2055 |     131909 |                                                       torch.distributed.fsdp._flat_param
import time:      1664 |       1664 |                                                         torch.distributed.fsdp._fully_shard._fsdp_api
import time:       412 |        412 |                                                               torch.distributed._composable.contract
import time:       259 |        670 |                                                             torch.distributed._composable.checkpoint_activation
import time:       273 |        273 |                                                             torch.distributed._composable.replicate
import time:       163 |       1106 |                                                           torch.distributed._composable
import time:      3268 |       3268 |                                                           torch.distributed.fsdp._fully_shard._fsdp_common
import time:      1643 |       1643 |                                                                   torch.distributed._symmetric_memory
import time:      2496 |       2496 |                                                                   torch.distributed.fsdp._fully_shard._fsdp_param
import time:      1640 |       5777 |                                                                 torch.distributed.fsdp._fully_shard._fsdp_collectives
import time:      1101 |       6877 |                                                               torch.distributed.fsdp._fully_shard._fsdp_param_group
import time:       875 |       7752 |                                                             torch.distributed.fsdp._fully_shard._fsdp_state
import time:       375 |       8127 |                                                           torch.distributed.fsdp._fully_shard._fsdp_init
import time:       539 |      13038 |                                                         torch.distributed.fsdp._fully_shard._fully_shard
import time:       218 |      14919 |                                                       torch.distributed.fsdp._fully_shard
import time:       172 |        172 |                                                         torch.distributed.fsdp._traversal_utils
import time:       234 |        234 |                                                           torch.distributed.algorithms._comm_hooks.default_hooks
import time:       162 |        395 |                                                         torch.distributed.algorithms._comm_hooks
import time:       126 |        126 |                                                         torch.distributed.fsdp._dynamo_utils
import time:       353 |        353 |                                                           torch.distributed.fsdp._exec_order_utils
import time:       127 |        127 |                                                           torch.distributed.fsdp._limiter_utils
import time:       335 |        335 |                                                           torch.distributed.fsdp.wrap
import time:       374 |        374 |                                                                 torch.distributed.tensor.parallel.style
import time:       174 |        547 |                                                               torch.distributed.tensor.parallel.api
import time:       304 |        304 |                                                               torch.distributed.tensor.parallel.loss
import time:       193 |       1043 |                                                             torch.distributed.tensor.parallel
import time:       115 |        115 |                                                             torch.distributed.tensor.parallel._data_parallel_utils
import time:       293 |       1450 |                                                           torch.distributed.tensor.parallel.fsdp
import time:        79 |         79 |                                                           torchdistx
import time:       591 |       2932 |                                                         torch.distributed.fsdp._init_utils
import time:       916 |        916 |                                                         torch.distributed.fsdp._runtime_utils
import time:       214 |        214 |                                                         torch.distributed.fsdp._wrap_utils
import time:       150 |        150 |                                                             torch.cuda._pin_memory_utils
import time:       755 |        904 |                                                           torch.distributed._state_dict_utils
import time:       449 |        449 |                                                           torch.distributed.fsdp._debug_utils
import time:      2414 |       3767 |                                                         torch.distributed.fsdp._optim_utils
import time:       249 |        249 |                                                           torch.distributed.fsdp._unshard_param_utils
import time:       744 |        992 |                                                         torch.distributed.fsdp._state_dict_utils
import time:      1416 |      10926 |                                                       torch.distributed.fsdp.fully_sharded_data_parallel
import time:       235 |     157987 |                                                     torch.distributed.fsdp
import time:        25 |     158012 |                                                   torch.distributed.fsdp._fully_shard
import time:      5373 |       5373 |                                                   torch._higher_order_ops.triton_kernel_wrap
import time:      2137 |     173826 |                                                 torch._dynamo.variables.functions
import time:       650 |        650 |                                                 torch._dynamo.variables.iter
import time:       931 |     176388 |                                               torch._dynamo.variables.lists
import time:      2084 |     178472 |                                             torch._dynamo.variables.misc
import time:       473 |        473 |                                                 torch._dynamo.variables.lazy
import time:       704 |       1177 |                                               torch._dynamo.variables.nn_module
import time:       467 |        467 |                                               torch._dynamo.variables.script_object
import time:     13847 |      13847 |                                                       torch._functorch._aot_autograd.descriptors
import time:      2128 |       2128 |                                                       torch._functorch._aot_autograd.functional_utils
import time:     15745 |      15745 |                                                       torch._functorch._aot_autograd.schemas
import time:       476 |        476 |                                                       torch._functorch._aot_autograd.subclass_utils
import time:       648 |      32842 |                                                     torch._functorch._aot_autograd.collect_metadata_analysis
import time:      3731 |       3731 |                                                       torch._decomp.decompositions_for_rng
import time:       532 |        532 |                                                       torch._functorch._aot_autograd.logging_utils
import time:      2654 |       6916 |                                                     torch._functorch._aot_autograd.graph_capture_wrappers
import time:       574 |        574 |                                                     torch._functorch._aot_autograd.input_output_analysis
import time:     13787 |      54118 |                                                   torch._functorch._aot_autograd.runtime_wrappers
import time:      1376 |      55494 |                                                 torch._dynamo.compiled_autograd
import time:      7570 |       7570 |                                                 torch._dynamo._trace_wrapped_higher_order_op
import time:      1803 |      64865 |                                               torch._dynamo.variables.tensor
import time:      1569 |       1569 |                                                 torch._dynamo.variables.ctx_manager
import time:       709 |       2277 |                                               torch._dynamo.variables.torch_function
import time:      1722 |      70505 |                                             torch._dynamo.codegen
import time:      1169 |     250145 |                                           torch._dynamo.side_effects
import time:      1461 |       1461 |                                           torch._dynamo.variables.builtin
import time:       351 |        351 |                                           torch._dynamo.variables.distributed
import time:      2121 |       2121 |                                             torch._dynamo.variables.invoke_subgraph
import time:      4886 |       7007 |                                           torch._dynamo.variables.higher_order_ops
import time:       468 |        468 |                                           torch._dynamo.variables.optimizer
import time:       301 |        301 |                                           torch._dynamo.variables.sdpa
import time:     14361 |      14361 |                                           torch._dynamo.variables.streams
import time:      1888 |       1888 |                                           torch._dynamo.variables.torch
import time:      2892 |     286588 |                                         torch._dynamo.variables.builder
import time:      1101 |     332851 |                                       torch._dynamo.variables.base
import time:       409 |     333259 |                                     torch._dynamo.variables
import time:      8859 |     388325 |                                   torch._dynamo.trace_rules
import time:       490 |        490 |                                         torch._dynamo.graph_region_tracker
import time:       809 |       1298 |                                       torch._dynamo.graph_deduplication
import time:       962 |        962 |                                       torch._dynamo.graph_id_filter
import time:      6137 |       8396 |                                     torch._dynamo.output_graph
import time:       906 |       9302 |                                   torch._dynamo.comprehension_graph_break
import time:       207 |        207 |                                   torch._dynamo.funcname_cache
import time:     15658 |     841847 |                                 torch._dynamo.symbolic_convert
import time:       405 |        405 |                                   torch._dynamo.comptime
import time:      3041 |       3445 |                                 torch._dynamo.decorators
import time:       597 |        597 |                                 torch._dynamo.cache_size
import time:      5234 |     870333 |                               torch._dynamo.convert_frame
import time:      6573 |       6573 |                               torch._dynamo.package
import time:      3084 |     879988 |                             torch._dynamo.aot_compile
import time:      1563 |       1563 |                             torch._dynamo.bytecode_debugger
import time:      1191 |       1191 |                             torch._dynamo.functional_export
import time:       380 |        380 |                               torch._functorch.make_functional
import time:     29400 |      29780 |                             torch._dynamo.polyfills.loader
import time:       425 |     912944 |                           torch._dynamo
import time:        33 |     912977 |                         torch._dynamo.utils
import time:       306 |     913282 |                       torchvision.ops.roi_align
import time:       454 |     913736 |                     torchvision.ops.poolers
import time:       522 |        522 |                     torchvision.ops.ps_roi_align
import time:       324 |        324 |                     torchvision.ops.ps_roi_pool
import time:       221 |        221 |                     torchvision.ops.roi_pool
import time:       194 |        194 |                     torchvision.ops.stochastic_depth
import time:       587 |     948918 |                   torchvision.ops
import time:        46 |     948964 |                 torchvision.ops.misc
import time:      1141 |     950105 |               torchvision.models.convnext
import time:      1558 |       1558 |               torchvision.models.densenet
import time:      3870 |       3870 |               torchvision.models.efficientnet
import time:       887 |        887 |               torchvision.models.googlenet
import time:       750 |        750 |               torchvision.models.inception
import time:       954 |        954 |               torchvision.models.mnasnet
import time:       448 |        448 |                 torchvision.models.mobilenetv2
import time:       611 |        611 |                 torchvision.models.mobilenetv3
import time:       204 |       1262 |               torchvision.models.mobilenet
import time:      3761 |       3761 |               torchvision.models.regnet
import time:      3943 |       3943 |               torchvision.models.resnet
import time:       937 |        937 |               torchvision.models.shufflenetv2
import time:       547 |        547 |               torchvision.models.squeezenet
import time:      1284 |       1284 |               torchvision.models.vgg
import time:      2146 |       2146 |               torchvision.models.vision_transformer
import time:      1681 |       1681 |               torchvision.models.swin_transformer
import time:       793 |        793 |               torchvision.models.maxvit
import time:       403 |        403 |                   torchvision.models.detection._utils
import time:       130 |        130 |                     torchvision.models.detection.image_list
import time:       392 |        521 |                   torchvision.models.detection.anchor_utils
import time:       431 |        431 |                   torchvision.models.detection.backbone_utils
import time:       272 |        272 |                   torchvision.models.detection.generalized_rcnn
import time:       885 |        885 |                   torchvision.models.detection.roi_heads
import time:       396 |        396 |                   torchvision.models.detection.rpn
import time:       374 |        374 |                   torchvision.models.detection.transform
import time:      1661 |       4939 |                 torchvision.models.detection.faster_rcnn
import time:       705 |        705 |                 torchvision.models.detection.fcos
import time:       530 |        530 |                 torchvision.models.detection.keypoint_rcnn
import time:       659 |        659 |                 torchvision.models.detection.mask_rcnn
import time:       720 |        720 |                 torchvision.models.detection.retinanet
import time:       623 |        623 |                 torchvision.models.detection.ssd
import time:       501 |        501 |                 torchvision.models.detection.ssdlite
import time:       331 |       9004 |               torchvision.models.detection
import time:       165 |        165 |                   torchvision.models.optical_flow._utils
import time:       881 |       1045 |                 torchvision.models.optical_flow.raft
import time:       129 |       1174 |               torchvision.models.optical_flow
import time:       160 |        160 |                   torchvision.models.quantization.utils
import time:       528 |        688 |                 torchvision.models.quantization.googlenet
import time:       769 |        769 |                 torchvision.models.quantization.inception
import time:       512 |        512 |                   torchvision.models.quantization.mobilenetv2
import time:       829 |        829 |                   torchvision.models.quantization.mobilenetv3
import time:       165 |       1506 |                 torchvision.models.quantization.mobilenet
import time:      1155 |       1155 |                 torchvision.models.quantization.resnet
import time:       947 |        947 |                 torchvision.models.quantization.shufflenetv2
import time:       201 |       5263 |               torchvision.models.quantization
import time:       227 |        227 |                   torchvision.models.segmentation._utils
import time:       609 |        609 |                   torchvision.models.segmentation.fcn
import time:      1231 |       2066 |                 torchvision.models.segmentation.deeplabv3
import time:       459 |        459 |                 torchvision.models.segmentation.lraspp
import time:       193 |       2718 |               torchvision.models.segmentation
import time:      2159 |       2159 |                 torchvision.models.video.mvit
import time:      1332 |       1332 |                 torchvision.models.video.resnet
import time:       492 |        492 |                 torchvision.models.video.s3d
import time:       919 |        919 |                 torchvision.models.video.swin_transformer
import time:       229 |       5129 |               torchvision.models.video
import time:       724 |    1001663 |             torchvision.models
import time:       170 |        170 |             torchvision.version
import time:       468 |    1128882 |           torchvision
import time:        50 |    1128932 |         torchvision.models
import time:       482 |    1129414 |       torchvision.models.feature_extraction
import time:       493 |    2933237 |     timm.layers._fx
import time:       281 |        281 |     timm.layers.activations
import time:       288 |        288 |       timm.layers.format
import time:       298 |        586 |     timm.layers.adaptive_avgmax_pool
import time:       199 |        199 |       timm.layers.config
import time:       121 |        121 |         timm.layers.grid
import time:        99 |         99 |         timm.layers.trace_utils
import time:       633 |        852 |       timm.layers.pos_embed_sincos
import time:       316 |       1367 |     timm.layers.attention
import time:        91 |         91 |               timm.layers.helpers
import time:       172 |        263 |             timm.layers.padding
import time:       229 |        491 |           timm.layers.conv2d_same
import time:       138 |        629 |         timm.layers.mixed_conv2d
import time:       165 |        165 |         timm.layers.cond_conv2d
import time:       135 |        928 |       timm.layers.create_conv2d
import time:       586 |        586 |       timm.layers.pool2d_same
import time:       315 |       1827 |     timm.layers.attention2d
import time:       262 |        262 |         timm.layers.grn
import time:       602 |        864 |       timm.layers.mlp
import time:       293 |        293 |       timm.layers.weight_init
import time:       276 |       1432 |     timm.layers.attention_pool
import time:       195 |        195 |       timm.layers.pos_embed
import time:       438 |        632 |     timm.layers.attention_pool2d
import time:       272 |        272 |       timm.layers.typing
import time:       294 |        565 |     timm.layers.blur_pool
import time:       417 |        417 |         timm.layers.activations_me
import time:       355 |        772 |       timm.layers.create_act
import time:        74 |         74 |                 apex
import time:        27 |        100 |               apex.normalization
import time:        26 |        126 |             apex.normalization.fused_layer_norm
import time:        77 |         77 |                 apex
import time:        58 |        134 |               apex.normalization
import time:        24 |        157 |             apex.normalization.fused_layer_norm
import time:       183 |        465 |           timm.layers.fast_norm
import time:       669 |       1134 |         timm.layers.norm
import time:       186 |       1319 |       timm.layers.create_norm
import time:       381 |       2471 |     timm.layers.classifier
import time:       319 |        319 |         timm.layers.evo_norm
import time:       174 |        174 |         timm.layers.filter_response_norm
import time:       540 |        540 |         timm.layers.norm_act
import time:        75 |         75 |             inplace_abn
import time:        34 |        108 |           inplace_abn.functions
import time:       223 |        330 |         timm.layers.inplace_abn
import time:       276 |       1637 |       timm.layers.create_norm_act
import time:       268 |       1905 |     timm.layers.conv_bn_act
import time:       591 |        591 |       timm.layers.bottleneck_attn
import time:       733 |        733 |       timm.layers.cbam
import time:       308 |        308 |       timm.layers.coord_attn
import time:       198 |        198 |       timm.layers.eca
import time:       200 |        200 |       timm.layers.gather_excite
import time:       176 |        176 |       timm.layers.global_context
import time:       238 |        238 |       timm.layers.halo_attn
import time:       237 |        237 |       timm.layers.lambda_layer
import time:       212 |        212 |       timm.layers.non_local_attn
import time:       616 |        616 |       timm.layers.selective_kernel
import time:       240 |        240 |       timm.layers.split_attn
import time:       222 |        222 |       timm.layers.squeeze_excite
import time:       448 |       4414 |     timm.layers.create_attn
import time:       209 |        209 |     timm.layers.diff_attention
import time:       255 |        255 |     timm.layers.drop
import time:       495 |        495 |       timm.layers.patch_embed
import time:       375 |        869 |     timm.layers.hybrid_embed
import time:       167 |        167 |     timm.layers.layer_scale
import time:       143 |        143 |     timm.layers.linear
import time:       200 |        200 |     timm.layers.patch_dropout
import time:       120 |        120 |     timm.layers.pool1d
import time:       223 |        223 |     timm.layers.other_pool
import time:       137 |        137 |       timm.layers.interpolate
import time:       399 |        535 |     timm.layers.pos_embed_rel
import time:       189 |        189 |     timm.layers.separable_conv
import time:       173 |        173 |     timm.layers.space_to_depth
import time:       171 |        171 |     timm.layers.split_batchnorm
import time:       291 |        291 |     timm.layers.std_conv
import time:       190 |        190 |     timm.layers.test_time_pool
import time:       908 |    2953348 |   timm.layers
import time:       779 |        779 |           PIL.ImageChops
import time:       867 |       1646 |         timm.data.auto_augment
import time:       137 |        137 |           timm.data.constants
import time:       271 |        408 |         timm.data.config
import time:       175 |        175 |                     timm.utils.agc
import time:       237 |        237 |                     timm.utils.attention_extract
import time:       301 |        301 |                         timm.utils.model_ema
import time:       219 |        519 |                       timm.utils.model
import time:       233 |        752 |                     timm.utils.checkpoint_saver
import time:       124 |        124 |                     timm.utils.clip_grad
import time:        75 |         75 |                       apex
import time:       187 |        261 |                     timm.utils.cuda
import time:       116 |        116 |                     timm.utils.decay_batch
import time:       183 |        183 |                     timm.utils.distributed
import time:       122 |        122 |                     timm.utils.jit
import time:      1112 |       1112 |                       logging.handlers
import time:       328 |       1440 |                     timm.utils.log
import time:       217 |        217 |                     timm.utils.metrics
import time:       163 |        163 |                     timm.utils.misc
import time:       160 |        160 |                     timm.utils.random
import time:        96 |         96 |                       wandb
import time:       209 |        305 |                     timm.utils.summary
import time:       324 |       4572 |                   timm.utils
import time:        43 |       4614 |                 timm.utils.misc
import time:       173 |        173 |                 timm.data.readers.class_map
import time:       223 |        223 |                 timm.data.readers.img_extensions
import time:       474 |        474 |                 timm.data.readers.reader
import time:       372 |       5853 |               timm.data.readers.reader_image_folder
import time:       404 |        404 |               timm.data.readers.reader_image_in_tar
import time:       229 |       6485 |             timm.data.readers.reader_factory
import time:       144 |       6628 |           timm.data.readers
import time:       427 |       7055 |         timm.data.dataset
import time:       210 |        210 |         timm.data.dataset_factory
import time:       344 |        344 |         timm.data.dataset_info
import time:       213 |        213 |         timm.data.imagenet_info
import time:       198 |        198 |           timm.data.distributed_sampler
import time:       163 |        163 |           timm.data.random_erasing
import time:       239 |        239 |           timm.data.mixup
import time:      1144 |       1144 |             timm.data.transforms
import time:       539 |        539 |             timm.data.naflex_transforms
import time:       477 |       2159 |           timm.data.transforms_factory
import time:       475 |       3233 |         timm.data.loader
import time:       466 |        466 |         timm.data.naflex_dataset
import time:       259 |        259 |           timm.data.naflex_random_erasing
import time:       305 |        563 |         timm.data.naflex_loader
import time:       299 |        299 |         timm.data.naflex_mixup
import time:       146 |        146 |         timm.data.real_labels
import time:       389 |      14966 |       timm.data
import time:       310 |        310 |           timm.models._manipulate
import time:       556 |        865 |         timm.models._features
import time:       234 |        234 |         timm.models._features_fx
import time:       464 |        464 |               safetensors._safetensors_rust
import time:       164 |        627 |             safetensors
import time:       588 |       1215 |           safetensors.torch
import time:       499 |       1713 |         timm.models._helpers
import time:      2330 |       2330 |           timm.models._pretrained
import time:       574 |        574 |           huggingface_hub
import time:       464 |        464 |               httpcore._models
import time:       102 |        102 |                       httpcore._backends
import time:       297 |        297 |                       httpcore._exceptions
import time:       124 |        124 |                       httpcore._utils
import time:       297 |        297 |                       httpcore._backends.base
import time:       388 |       1206 |                     httpcore._backends.sync
import time:       134 |        134 |                         certifi.core
import time:       174 |        308 |                       certifi
import time:       117 |        425 |                     httpcore._ssl
import time:        88 |         88 |                       trio
import time:       168 |        168 |                           anyio._core
import time:       493 |        660 |                         anyio._core._contextmanagers
import time:       314 |        314 |                           anyio._core._exceptions
import time:        78 |         78 |                           sniffio
import time:       255 |        645 |                         anyio._core._eventloop
import time:      5673 |       5673 |                               anyio.abc._eventloop
import time:       471 |        471 |                               anyio.abc._resources
import time:       232 |        232 |                                 anyio._core._typedattr
import time:       310 |        310 |                                   anyio.abc._tasks
import time:       995 |       1305 |                                 anyio.abc._streams
import time:      1047 |       2583 |                               anyio.abc._sockets
import time:       303 |        303 |                               anyio.abc._subprocesses
import time:       262 |        262 |                               anyio.abc._testing
import time:      1443 |       1443 |                                 anyio.lowlevel
import time:       441 |        441 |                                 anyio._core._tasks
import time:       233 |        233 |                                 anyio._core._testing
import time:      3198 |       5313 |                               anyio._core._synchronization
import time:      1238 |       1238 |                               anyio.from_thread
import time:       445 |      16284 |                             anyio.abc
import time:       168 |      16451 |                           anyio.to_thread
import time:       918 |      17369 |                         anyio._core._fileio
import time:       154 |        154 |                         anyio._core._resources
import time:       118 |        118 |                         anyio._core._signals
import time:       118 |        118 |                             anyio.streams
import time:      1112 |       1229 |                           anyio.streams.stapled
import time:       997 |        997 |                           anyio.streams.tls
import time:       994 |       3219 |                         anyio._core._sockets
import time:      2559 |       2559 |                           anyio.streams.memory
import time:       374 |       2932 |                         anyio._core._streams
import time:       263 |        263 |                         anyio._core._subprocesses
import time:       624 |        624 |                         anyio._core._tempfile
import time:       896 |      26876 |                       anyio
import time:       342 |      27305 |                     httpcore._synchronization
import time:       195 |        195 |                     httpcore._trace
import time:       110 |        110 |                             h11._abnf
import time:       424 |        424 |                               h11._util
import time:       804 |       1227 |                             h11._headers
import time:      4448 |       5784 |                           h11._events
import time:       434 |        434 |                             h11._receivebuffer
import time:       649 |        649 |                             h11._state
import time:      1375 |       2458 |                           h11._readers
import time:       371 |        371 |                           h11._writers
import time:       643 |       9254 |                         h11._connection
import time:       154 |        154 |                         h11._version
import time:       190 |       9597 |                       h11
import time:       198 |        198 |                       httpcore._sync.interfaces
import time:       552 |      10346 |                     httpcore._sync.http11
import time:       360 |      39835 |                   httpcore._sync.connection
import time:       313 |        313 |                   httpcore._sync.connection_pool
import time:       305 |        305 |                   httpcore._sync.http_proxy
import time:        76 |         76 |                       h2
import time:        34 |        110 |                     h2.config
import time:       281 |        390 |                   httpcore._sync.http2
import time:        75 |         75 |                     socksio
import time:       197 |        272 |                   httpcore._sync.socks_proxy
import time:       304 |      41415 |                 httpcore._sync
import time:        44 |      41459 |               httpcore._sync.connection_pool
import time:       293 |      42215 |             httpcore._api
import time:       347 |        347 |                 httpcore._backends.auto
import time:       237 |        237 |                   httpcore._async.interfaces
import time:       674 |        911 |                 httpcore._async.http11
import time:       339 |       1596 |               httpcore._async.connection
import time:       341 |        341 |               httpcore._async.connection_pool
import time:       318 |        318 |               httpcore._async.http_proxy
import time:        74 |         74 |                   h2
import time:        43 |        116 |                 h2.config
import time:       293 |        409 |               httpcore._async.http2
import time:        67 |         67 |                 socksio
import time:       213 |        280 |               httpcore._async.socks_proxy
import time:       320 |       3261 |             httpcore._async
import time:       215 |        215 |             httpcore._backends.mock
import time:       185 |        185 |             httpcore._backends.anyio
import time:       102 |        102 |               trio
import time:       177 |        278 |             httpcore._backends.trio
import time:       864 |      47015 |           httpcore
import time:       159 |        159 |             httpx.__version__
import time:       551 |        551 |                   httpx._exceptions
import time:      1101 |       1101 |                       calendar
import time:      2952 |       4052 |                     http.cookiejar
import time:        94 |         94 |                           _winapi
import time:        78 |         78 |                           winreg
import time:       604 |        774 |                         mimetypes
import time:       991 |        991 |                         httpx._types
import time:       196 |        196 |                         httpx._utils
import time:       481 |       2440 |                       httpx._multipart
import time:       418 |       2858 |                     httpx._content
import time:        97 |         97 |                       brotli
import time:        51 |         51 |                       brotlicffi
import time:        45 |         45 |                       zstandard
import time:       355 |        547 |                     httpx._decoders
import time:       859 |        859 |                     httpx._status_codes
import time:       166 |        166 |                           idna.idnadata
import time:        99 |         99 |                           idna.intranges
import time:       868 |       1133 |                         idna.core
import time:       290 |        290 |                         idna.package_data
import time:       265 |       1686 |                       idna
import time:      1707 |       1707 |                       httpx._urlparse
import time:       446 |       3839 |                     httpx._urls
import time:       913 |      13066 |                   httpx._models
import time:       631 |      14246 |                 httpx._auth
import time:       312 |        312 |                 httpx._config
import time:     60918 |      60918 |                       httpx._transports.base
import time:     45115 |     106033 |                     httpx._transports.asgi
import time:     82329 |      82329 |                     httpx._transports.default
import time:       559 |        559 |                     httpx._transports.mock
import time:    130359 |     130359 |                     httpx._transports.wsgi
import time:       382 |     319660 |                   httpx._transports
import time:        91 |     319751 |                 httpx._transports.base
import time:      2686 |     336994 |               httpx._client
import time:       310 |     337303 |             httpx._api
import time:      1247 |       1247 |                     click._compat
import time:       311 |        311 |                       click.globals
import time:       793 |        793 |                       click.utils
import time:      1156 |       2259 |                     click.exceptions
import time:      5706 |       9211 |                   click.types
import time:       696 |        696 |                   click._utils
import time:       672 |        672 |                     click.parser
import time:       621 |       1293 |                   click.formatting
import time:       732 |        732 |                   click.termui
import time:      3040 |      14970 |                 click.core
import time:       775 |        775 |                 click.decorators
import time:       812 |      16557 |               click
import time:     84912 |      84912 |                 pygments
import time:     99345 |      99345 |                 pygments.lexers._mapping
import time:      1065 |       1065 |                 pygments.modeline
import time:     75286 |      75286 |                 pygments.plugin
import time:     69429 |      69429 |                 pygments.util
import time:     73966 |     404001 |               pygments.lexers
import time:       780 |        780 |                   rich._extension
import time:    116510 |     117290 |                 rich
import time:    109913 |     109913 |                 rich._null_file
import time:       568 |        568 |                 rich.errors
import time:      1131 |       1131 |                             rich.color_triplet
import time:     59315 |      60446 |                           rich.palette
import time:     56386 |     116832 |                         rich._palettes
import time:    124832 |     124832 |                         rich.repr
import time:    114191 |     114191 |                         rich.terminal_theme
import time:    102077 |     457930 |                       rich.color
import time:    134121 |     592050 |                     rich.style
import time:     63127 |     655177 |                   rich.default_styles
import time:     77856 |      77856 |                   rich.theme
import time:       494 |     733526 |                 rich.themes
import time:      1001 |       1001 |                 rich._emoji_replace
import time:    108187 |     108187 |                 rich._export_format
import time:       375 |        375 |                 rich._fileno
import time:       815 |        815 |                     rich._loop
import time:       423 |        423 |                     rich._pick
import time:       659 |        659 |                           rich._unicode_data._versions
import time:    129711 |     130370 |                         rich._unicode_data
import time:     59380 |     189749 |                       rich.cells
import time:    108979 |     298727 |                     rich._wrap
import time:    109973 |     109973 |                           rich.segment
import time:     58197 |     168170 |                         rich.jupyter
import time:       411 |        411 |                           rich.protocol
import time:     84371 |      84781 |                         rich.measure
import time:     60035 |     312985 |                       rich.constrain
import time:     73284 |     386269 |                     rich.align
import time:    104761 |     104761 |                     rich.containers
import time:    101003 |     101003 |                     rich.control
import time:    140118 |     140118 |                     rich.emoji
import time:    122799 |    1154910 |                   rich.text
import time:     61876 |    1216785 |                 rich._log_render
import time:     92081 |      92081 |                 rich.highlighter
import time:     69332 |      69332 |                 rich.markup
import time:       721 |        721 |                 rich.pager
import time:       850 |        850 |                 rich.region
import time:     81376 |      81376 |                 rich.screen
import time:     66781 |      66781 |                 rich.styled
import time:    149692 |    2748471 |               rich.console
import time:     96479 |      96479 |                 rich.filesize
import time:     74932 |      74932 |                     rich.ansi
import time:    135211 |     210142 |                   rich.file_proxy
import time:     94690 |      94690 |                   rich.live_render
import time:     85553 |     390385 |                 rich.live
import time:     93246 |      93246 |                 rich.progress_bar
import time:    135795 |     135795 |                   rich._spinners
import time:    114033 |     114033 |                     rich.box
import time:     97669 |      97669 |                     rich._ratio
import time:     74053 |      74053 |                     rich.padding
import time:    115654 |     401407 |                   rich.table
import time:     83419 |     620620 |                 rich.spinner
import time:     66082 |    1266809 |               rich.progress
import time:    113348 |     113348 |                   pygments.filter
import time:    128860 |     128860 |                     pygments.token
import time:    110501 |     239361 |                   pygments.filters
import time:    100804 |     100804 |                   pygments.regexopt
import time:    178610 |     632122 |                 pygments.lexer
import time:     90147 |      90147 |                 pygments.style
import time:     83248 |      83248 |                   pygments.styles._mapping
import time:     98452 |     181699 |                 pygments.styles
import time:     76072 |     980038 |               rich.syntax
import time:    124593 |    5540466 |             httpx._main
import time:       750 |    5878677 |           httpx
import time:       610 |        610 |             tqdm.autonotebook
import time:    102398 |     102398 |             tqdm.asyncio
import time:       913 |     103920 |           tqdm.auto
import time:    109133 |     109133 |             tqdm.contrib
import time:    114159 |     223292 |           tqdm.contrib.concurrent
import time:     66958 |      66958 |               huggingface_hub.errors
import time:    105254 |     105254 |                 huggingface_hub.constants
import time:     95537 |     200791 |               huggingface_hub.utils.tqdm
import time:      5446 |       5446 |                 configparser
import time:    179148 |     179148 |                 huggingface_hub.utils._runtime
import time:    113474 |     298068 |               huggingface_hub.utils._auth
import time:     61865 |      61865 |               huggingface_hub.utils._cache_assets
import time:     64058 |      64058 |                 huggingface_hub.utils.logging
import time:    116348 |     116348 |                 huggingface_hub.utils._parsing
import time:     98697 |      98697 |                   huggingface_hub.utils._detect_agent
import time:     96413 |     195110 |                 huggingface_hub.utils._terminal
import time:     77403 |     452918 |               huggingface_hub.utils._cache_manager
import time:       384 |        384 |               huggingface_hub.utils._chunk_utils
import time:    101635 |     101635 |               huggingface_hub.utils._datetime
import time:     52342 |      52342 |               huggingface_hub.utils._experimental
import time:    110743 |     110743 |                   yaml.error
import time:    120500 |     120500 |                   yaml.tokens
import time:    132034 |     132034 |                   yaml.events
import time:     95281 |      95281 |                   yaml.nodes
import time:     81112 |      81112 |                     yaml.reader
import time:    210679 |     210679 |                     yaml.scanner
import time:       513 |        513 |                     yaml.parser
import time:     34133 |      34133 |                     yaml.composer
import time:    119775 |     119775 |                     yaml.constructor
import time:    113720 |     113720 |                     yaml.resolver
import time:     78395 |     638324 |                   yaml.loader
import time:     61619 |      61619 |                     yaml.emitter
import time:    110365 |     110365 |                     yaml.serializer
import time:     66434 |      66434 |                     yaml.representer
import time:    106221 |     344638 |                   yaml.dumper
import time:    120586 |     120586 |                     yaml._yaml
import time:     89252 |     209838 |                   yaml.cyaml
import time:    106283 |    1757638 |                 yaml
import time:       554 |        554 |                     filelock._error
import time:    112024 |     112024 |                     filelock._util
import time:     93823 |     206400 |                   filelock._api
import time:      1419 |       1419 |                           _sqlite3
import time:       559 |       1978 |                         sqlite3.dbapi2
import time:       452 |       2429 |                       sqlite3
import time:     71577 |      74006 |                     filelock._read_write
import time:    107050 |     181056 |                   filelock._async_read_write
import time:    113466 |     113466 |                   filelock._soft
import time:     68569 |      68569 |                       filelock._soft_rw._sync
import time:    100802 |     169370 |                     filelock._soft_rw._async
import time:       473 |     169843 |                   filelock._soft_rw
import time:     87429 |      87429 |                   filelock._unix
import time:     47937 |      47937 |                   filelock._windows
import time:     71112 |      71112 |                   filelock.asyncio
import time:       342 |        342 |                   filelock.version
import time:     78734 |     956315 |                 filelock
import time:     83629 |    2797582 |               huggingface_hub.utils._fixes
import time:     49876 |      49876 |                 huggingface_hub.utils._subprocess
import time:     97782 |     147657 |               huggingface_hub.utils._git_credential
import time:     66609 |      66609 |                   huggingface_hub.utils._typing
import time:     63593 |     130202 |                 huggingface_hub.utils._validators
import time:    105960 |     236161 |               huggingface_hub.utils._headers
import time:    118194 |     118194 |               huggingface_hub.utils._hf_uris
import time:     59029 |      59029 |                 huggingface_hub.utils._lfs
import time:    106465 |     165493 |               huggingface_hub.utils._http
import time:       548 |        548 |               huggingface_hub.utils._pagination
import time:     78474 |      78474 |               huggingface_hub.utils._paths
import time:     80660 |      80660 |               huggingface_hub.utils._safetensors
import time:    108183 |     108183 |               huggingface_hub.utils._telemetry
import time:    129437 |     129437 |               huggingface_hub.utils._xet
import time:    126979 |    5224320 |             huggingface_hub.utils
import time:        86 |    5224406 |           huggingface_hub.utils._xet
import time:    117321 |     117321 |           huggingface_hub._buckets
import time:    144666 |     144666 |               huggingface_hub._local_folder
import time:       476 |        476 |                 huggingface_hub.utils.insecure_hashlib
import time:    118786 |     119262 |               huggingface_hub.utils.sha
import time:    120751 |     384677 |             huggingface_hub.file_download
import time:    105282 |     105282 |             huggingface_hub.lfs
import time:    130140 |     620099 |           huggingface_hub._commit_api
import time:    113233 |     113233 |           huggingface_hub._dataset_viewer
import time:    161235 |     161235 |           huggingface_hub._eval_results
import time:    108263 |     108263 |           huggingface_hub._inference_endpoints
import time:     72724 |      72724 |             huggingface_hub._space_api
import time:    124293 |     197016 |           huggingface_hub._jobs_api
import time:    232066 |     232066 |           huggingface_hub._upload_large_folder
import time:    136743 |     136743 |           huggingface_hub.community
import time:    144544 |     144544 |           huggingface_hub.repocard_data
import time:    150041 |     150041 |           huggingface_hub.utils._deprecation
import time:     81355 |      81355 |           huggingface_hub.utils._verification
import time:     91024 |      91024 |           huggingface_hub.utils.endpoint_helpers
import time:     57242 |   13690386 |         timm.models._hub
import time:     40388 |      40388 |         timm.models._prune
import time:     64887 |      64887 |         timm.models._registry
import time:      1045 |   13799516 |       timm.models._builder
import time:      1809 |   13816290 |     timm.models.beit
import time:    111309 |     111309 |       timm.models.byobnet
import time:    100758 |     212067 |     timm.models.byoanet
import time:     87271 |      87271 |     timm.models.cait
import time:    102966 |     102966 |     timm.models.coat
import time:    107401 |     107401 |     timm.models.convit
import time:    121169 |     121169 |     timm.models.convmixer
import time:     65004 |      65004 |     timm.models.convnext
import time:    127080 |     127080 |       timm.models.vision_transformer
import time:     83529 |     210609 |     timm.models.crossvit
import time:     71593 |      71593 |     timm.models.csatv2
import time:    111686 |     111686 |     timm.models.cspnet
import time:    101202 |     101202 |     timm.models.davit
import time:    111476 |     111476 |     timm.models.deit
import time:    130398 |     130398 |     timm.models.densenet
import time:    120889 |     120889 |     timm.models.dla
import time:     95396 |      95396 |     timm.models.dpn
import time:    112849 |     112849 |     timm.models.edgenext
import time:     75873 |      75873 |     timm.models.efficientformer
import time:     87174 |      87174 |     timm.models.efficientformer_v2
import time:    114855 |     114855 |       timm.models._efficientnet_blocks
import time:    121030 |     121030 |       timm.models._efficientnet_builder
import time:    110187 |     346071 |     timm.models.efficientnet
import time:    100309 |     100309 |     timm.models.efficientvit_mit
import time:    110035 |     110035 |     timm.models.efficientvit_msra
import time:    116645 |     116645 |     timm.models.eva
import time:     94883 |      94883 |     timm.models.fasternet
import time:    103865 |     103865 |     timm.models.fastvit
import time:    130665 |     130665 |     timm.models.focalnet
import time:     94699 |      94699 |     timm.models.gcvit
import time:    120094 |     120094 |       timm.models.naflexvit
import time:    108779 |     228872 |     timm.models.gemma4_vit
import time:    104756 |     104756 |     timm.models.ghostnet
import time:     78488 |      78488 |       timm.models.mobilenetv3
import time:     81454 |     159941 |     timm.models.hardcorenas
import time:    101542 |     101542 |     timm.models.hgnet
import time:    113481 |     113481 |     timm.models.hiera
import time:    109389 |     109389 |     timm.models.hieradet_sam2
import time:    121650 |     121650 |       timm.models.resnet
import time:    112836 |     234486 |     timm.models.hrnet
import time:     83845 |      83845 |     timm.models.inception_next
import time:    129663 |     129663 |     timm.models.inception_resnet_v2
import time:    105476 |     105476 |     timm.models.inception_v3
import time:    111586 |     111586 |     timm.models.inception_v4
import time:    108008 |     108008 |     timm.models.levit
import time:    113299 |     113299 |     timm.models.maxxvit
import time:     90487 |      90487 |     timm.models.mambaout
import time:     94541 |      94541 |     timm.models.metaformer
import time:     75676 |      75676 |     timm.models.mlp_mixer
import time:     96358 |      96358 |     timm.models.mobilenetv5
import time:     98067 |      98067 |     timm.models.mobilevit
import time:     97644 |      97644 |     timm.models.mvitv2
import time:    114856 |     114856 |     timm.models.nasnet
import time:    119374 |     119374 |     timm.models.nest
import time:    129887 |     129887 |     timm.models.nextvit
import time:    113729 |     113729 |     timm.models.nfnet
import time:    103885 |     103885 |     timm.models.pit
import time:    111215 |     111215 |     timm.models.pnasnet
import time:    112108 |     112108 |     timm.models.pvt_v2
import time:     95280 |      95280 |     timm.models.rdnet
import time:     88253 |      88253 |     timm.models.regnet
import time:     90035 |      90035 |     timm.models.repghost
import time:    137460 |     137460 |     timm.models.repvit
import time:     99128 |      99128 |     timm.models.res2net
import time:    103569 |     103569 |     timm.models.resnest
import time:     84007 |      84007 |     timm.models.resnetv2
import time:    103516 |     103516 |     timm.models.rexnet
import time:    130769 |     130769 |     timm.models.selecsls
import time:    118705 |     118705 |     timm.models.senet
import time:    133914 |     133914 |     timm.models.sequencer
import time:     69731 |      69731 |     timm.models.shvit
import time:    199855 |     199855 |     timm.models.sknet
import time:    106174 |     106174 |     timm.models.starnet
import time:     85401 |      85401 |     timm.models.swiftformer
import time:     99474 |      99474 |     timm.models.swin_transformer
import time:     55467 |      55467 |     timm.models.swin_transformer_v2
import time:     84274 |      84274 |     timm.models.swin_transformer_v2_cr
import time:    124060 |     124060 |     timm.models.tiny_vit
import time:    113785 |     113785 |     timm.models.tnt
import time:     79598 |      79598 |     timm.models.tresnet
import time:    115639 |     115639 |     timm.models.twins
import time:    104610 |     104610 |     timm.models.vgg
import time:     82300 |      82300 |     timm.models.visformer
import time:    108655 |     108655 |     timm.models.vision_transformer_hybrid
import time:     98082 |      98082 |     timm.models.vision_transformer_relpos
import time:     88437 |      88437 |     timm.models.vision_transformer_sam
import time:     75161 |      75161 |     timm.models.vitamin
import time:    109079 |     109079 |     timm.models.volo
import time:    123407 |     123407 |     timm.models.vovnet
import time:    124695 |     124695 |     timm.models.xception
import time:     97984 |      97984 |     timm.models.xception_aligned
import time:     92485 |      92485 |     timm.models.xcit
import time:     76928 |      76928 |     timm.models._factory
import time:      8437 |   23408969 |   timm.models
import time:       494 |   26363057 | timm
import time:       266 |        266 | tabulate
